,mean,sd,hdi_3%,hdi_97%,mcse_mean,mcse_sd,ess_bulk,ess_tail,r_hat
Intercept,62.447,1.028,60.615,64.482,0.055,0.025,345.0,720.0,1.01
episode[Enjoyment],4.465,0.766,3.032,5.877,0.015,0.01,2696.0,2910.0,1.0
episode[Focus],4.704,0.76,3.336,6.153,0.015,0.01,2588.0,2992.0,1.0
episode[Motivation],4.279,0.742,2.944,5.685,0.014,0.01,2672.0,2871.0,1.0
episode[Relaxation],2.059,0.773,0.684,3.593,0.015,0.013,2683.0,2821.0,1.0
z_RMS,3.042,0.312,2.475,3.645,0.005,0.005,3344.0,2814.0,1.0
z_CF,-2.215,0.311,-2.783,-1.617,0.005,0.004,3234.0,2817.0,1.0
z_SW,3.022,0.301,2.474,3.601,0.005,0.004,3934.0,3391.0,1.0
z_SI,-0.677,0.337,-1.315,-0.068,0.006,0.005,2744.0,2975.0,1.0
sigma,8.495,0.178,8.164,8.824,0.002,0.003,6615.0,3049.0,1.0
1|participant_id_sigma,5.749,0.714,4.389,7.032,0.03,0.018,568.0,1057.0,1.01
1|participant_id[P001],8.615,1.708,5.367,11.855,0.059,0.027,840.0,2095.0,1.01
1|participant_id[P002],-2.25,1.705,-5.373,1.034,0.051,0.028,1106.0,2319.0,1.0
1|participant_id[P003],3.156,1.673,0.112,6.37,0.054,0.028,969.0,1706.0,1.01
1|participant_id[P004],5.412,1.732,2.112,8.552,0.053,0.025,1072.0,2161.0,1.01
1|participant_id[P005],4.793,1.728,1.642,8.136,0.053,0.028,1078.0,1947.0,1.0
1|participant_id[P006],1.155,1.752,-1.915,4.563,0.054,0.027,1069.0,2261.0,1.0
1|participant_id[P007],-6.689,1.7,-9.789,-3.473,0.052,0.024,1069.0,2243.0,1.0
1|participant_id[P008],-8.22,1.715,-11.501,-5.104,0.052,0.025,1091.0,2196.0,1.0
1|participant_id[P009],1.908,1.729,-1.432,5.098,0.055,0.028,966.0,2169.0,1.01
1|participant_id[P010],-3.804,1.707,-6.757,-0.452,0.055,0.026,958.0,2403.0,1.0
1|participant_id[P011],2.412,1.761,-0.991,5.637,0.056,0.029,981.0,1588.0,1.0
1|participant_id[P012],-0.12,1.731,-3.344,3.116,0.053,0.026,1061.0,1867.0,1.0
1|participant_id[P013],-4.785,1.719,-8.193,-1.803,0.053,0.026,1045.0,2287.0,1.0
1|participant_id[P014],-0.129,1.725,-3.349,3.087,0.051,0.027,1135.0,1643.0,1.0
1|participant_id[P015],4.195,1.726,0.689,7.177,0.053,0.028,1044.0,2192.0,1.0
1|participant_id[P016],2.756,1.714,-0.347,6.098,0.053,0.025,1035.0,1981.0,1.0
1|participant_id[P017],-6.52,1.686,-9.609,-3.32,0.049,0.026,1197.0,2139.0,1.0
1|participant_id[P018],2.34,1.719,-0.805,5.572,0.052,0.027,1095.0,1437.0,1.0
1|participant_id[P019],2.765,1.739,-0.514,5.943,0.053,0.028,1066.0,1966.0,1.01
1|participant_id[P020],4.174,1.71,0.854,7.317,0.051,0.027,1128.0,1945.0,1.0
1|participant_id[P021],3.575,1.732,0.228,6.765,0.054,0.03,1027.0,1316.0,1.0
1|participant_id[P022],-5.909,1.758,-9.176,-2.696,0.056,0.028,984.0,2064.0,1.01
1|participant_id[P023],-4.132,1.737,-7.555,-1.039,0.054,0.025,1024.0,2116.0,1.0
1|participant_id[P024],3.416,1.729,0.209,6.687,0.054,0.026,1037.0,2295.0,1.0
1|participant_id[P025],-14.411,1.77,-17.774,-11.144,0.051,0.026,1219.0,2539.0,1.0
1|participant_id[P026],3.336,1.73,0.087,6.665,0.055,0.027,1011.0,2171.0,1.0
1|participant_id[P027],-9.408,1.695,-12.54,-6.158,0.055,0.026,966.0,1623.0,1.0
1|participant_id[P028],-5.061,1.706,-8.269,-1.819,0.049,0.025,1217.0,2307.0,1.0
1|participant_id[P029],8.453,1.731,5.28,11.751,0.052,0.026,1111.0,1960.0,1.0
1|participant_id[P030],-0.377,1.762,-3.57,2.992,0.056,0.027,985.0,2343.0,1.0
1|participant_id[P031],-1.525,1.695,-4.528,1.797,0.051,0.028,1111.0,2510.0,1.0
1|participant_id[P032],-0.534,1.738,-3.953,2.566,0.053,0.026,1063.0,1959.0,1.0
1|participant_id[P033],-1.416,1.749,-4.587,1.979,0.053,0.025,1098.0,2137.0,1.0
1|participant_id[P034],-5.79,1.705,-8.935,-2.577,0.05,0.025,1173.0,2637.0,1.0
1|participant_id[P035],0.22,1.76,-3.033,3.547,0.056,0.027,960.0,2105.0,1.0
1|participant_id[P036],12.789,1.754,9.395,15.927,0.052,0.024,1132.0,2570.0,1.0
1|participant_id[P037],3.809,1.748,0.585,6.993,0.061,0.028,834.0,2031.0,1.0
1|participant_id[P038],1.606,1.716,-1.711,4.656,0.054,0.026,1010.0,2164.0,1.0
1|participant_id[P039],-1.565,1.719,-4.689,1.719,0.052,0.027,1072.0,2411.0,1.0
1|participant_id[P040],3.821,1.764,0.606,7.195,0.054,0.028,1051.0,1958.0,1.0
mu[0],70.997,1.602,67.976,73.993,0.019,0.029,6832.0,2697.0,1.0
mu[1],74.474,1.664,71.246,77.473,0.021,0.029,6303.0,2749.0,1.0
mu[2],80.901,1.703,77.79,84.072,0.021,0.03,6494.0,2656.0,1.0
mu[3],72.414,1.641,69.212,75.389,0.023,0.026,5278.0,2799.0,1.0
mu[4],68.937,1.578,66.012,71.827,0.021,0.026,5613.0,3112.0,1.0
mu[5],78.842,1.678,75.841,82.051,0.023,0.028,5273.0,3082.0,1.0
mu[6],83.307,1.681,80.172,86.452,0.021,0.029,6575.0,2979.0,1.0
mu[7],73.403,1.574,70.344,76.294,0.019,0.027,7203.0,2942.0,1.0
mu[8],76.88,1.638,73.879,80.062,0.02,0.028,6591.0,3139.0,1.0
mu[9],77.119,1.629,74.122,80.14,0.021,0.026,6269.0,3025.0,1.0
mu[10],83.546,1.668,80.38,86.542,0.021,0.027,6316.0,3376.0,1.0
mu[11],73.642,1.561,70.707,76.481,0.019,0.026,6791.0,3054.0,1.0
mu[12],76.694,1.649,73.614,79.784,0.02,0.027,6570.0,3022.0,1.0
mu[13],73.217,1.59,70.132,76.126,0.019,0.028,7325.0,3104.0,1.0
mu[14],83.121,1.699,79.754,86.096,0.021,0.029,6547.0,3418.0,1.0
mu[15],70.513,1.594,67.493,73.513,0.019,0.029,7133.0,2673.0,1.0
mu[16],67.497,1.655,64.259,70.451,0.021,0.029,6531.0,2543.0,1.0
mu[17],77.663,1.69,74.456,80.881,0.02,0.031,6991.0,2899.0,1.0
mu[18],75.603,1.663,72.482,78.713,0.022,0.028,5549.0,3047.0,1.0
mu[19],65.437,1.63,62.534,68.634,0.022,0.026,5440.0,2968.0,1.0
mu[20],68.454,1.568,65.656,71.383,0.021,0.026,5713.0,3014.0,1.0
mu[21],72.919,1.566,70.113,76.016,0.018,0.027,7456.0,3141.0,1.0
mu[22],69.903,1.625,66.701,72.858,0.02,0.027,6753.0,3160.0,1.0
mu[23],80.068,1.666,76.965,83.274,0.02,0.028,7060.0,3211.0,1.0
mu[24],80.308,1.665,77.237,83.497,0.02,0.028,6731.0,2949.0,1.0
mu[25],70.142,1.623,67.054,73.247,0.02,0.026,6424.0,2664.0,1.0
mu[26],73.158,1.554,70.003,75.884,0.018,0.026,7149.0,3262.0,1.0
mu[27],72.733,1.583,69.823,75.763,0.018,0.028,7630.0,3254.0,1.0
mu[28],69.717,1.634,66.6,72.747,0.02,0.028,6722.0,2911.0,1.0
mu[29],79.883,1.677,76.804,83.178,0.02,0.028,6850.0,3005.0,1.0
mu[30],70.036,1.696,66.857,73.128,0.02,0.028,7078.0,2793.0,1.0
mu[31],63.609,1.651,60.392,66.597,0.019,0.027,7257.0,3219.0,1.0
mu[32],60.132,1.603,57.239,63.24,0.018,0.027,7634.0,2793.0,1.0
mu[33],67.977,1.7,64.711,71.089,0.022,0.031,5887.0,2575.0,1.0
mu[34],61.549,1.658,58.515,64.663,0.022,0.03,5836.0,2695.0,1.0
mu[35],58.072,1.609,55.093,61.103,0.021,0.03,6032.0,2518.0,1.0
mu[36],66.015,1.639,63.057,69.178,0.019,0.028,7460.0,2667.0,1.0
mu[37],62.538,1.589,59.67,65.599,0.018,0.028,7781.0,2698.0,1.0
mu[38],72.442,1.688,69.102,75.409,0.02,0.028,7123.0,2859.0,1.0
mu[39],66.254,1.641,63.125,69.209,0.019,0.033,7405.0,2621.0,1.0
mu[40],62.777,1.588,59.855,65.765,0.018,0.03,7394.0,2858.0,1.0
mu[41],72.681,1.686,69.515,75.782,0.02,0.031,7039.0,2972.0,1.0
mu[42],65.829,1.645,62.611,68.741,0.019,0.029,7238.0,2568.0,1.0
mu[43],72.256,1.701,69.062,75.41,0.02,0.031,7090.0,2740.0,1.0
mu[44],62.352,1.6,59.465,65.448,0.018,0.03,7700.0,2734.0,1.0
mu[45],56.632,1.649,53.422,59.714,0.019,0.027,7159.0,2920.0,1.0
mu[46],59.648,1.597,56.621,62.603,0.018,0.027,7856.0,3100.0,1.0
mu[47],66.798,1.677,63.549,69.85,0.019,0.029,7811.0,3167.0,1.0
mu[48],54.572,1.655,51.556,57.754,0.022,0.03,5705.0,2869.0,1.0
mu[49],64.738,1.68,61.687,67.926,0.021,0.031,6241.0,2953.0,1.0
mu[50],57.589,1.602,54.693,60.707,0.02,0.03,6207.0,2658.0,1.0
mu[51],62.054,1.583,59.084,65.059,0.018,0.028,7971.0,2957.0,1.0
mu[52],69.204,1.667,66.066,72.286,0.019,0.03,7843.0,2981.0,1.0
mu[53],59.038,1.634,55.927,62.134,0.019,0.029,7254.0,3078.0,1.0
mu[54],69.443,1.677,66.42,72.666,0.019,0.031,7713.0,2803.0,1.0
mu[55],59.277,1.644,56.189,62.366,0.02,0.029,6958.0,2868.0,1.0
mu[56],62.293,1.584,59.291,65.225,0.018,0.03,7640.0,2977.0,1.0
mu[57],69.018,1.673,65.841,72.22,0.019,0.031,7517.0,3217.0,1.0
mu[58],58.852,1.639,55.696,61.882,0.02,0.028,6980.0,3233.0,1.0
mu[59],61.868,1.595,58.795,64.791,0.018,0.03,7757.0,2651.0,1.0
mu[60],69.015,1.621,66.125,72.191,0.02,0.03,6595.0,3053.0,1.0
mu[61],75.442,1.646,72.579,78.733,0.022,0.03,5422.0,3202.0,1.0
mu[62],65.538,1.57,62.612,68.456,0.019,0.029,6931.0,2839.0,1.0
mu[63],66.956,1.616,63.935,70.001,0.023,0.026,5062.0,3071.0,1.0
mu[64],73.383,1.639,70.381,76.6,0.024,0.028,4640.0,2415.0,1.0
mu[65],63.479,1.564,60.419,66.292,0.022,0.026,5300.0,3121.0,1.0
mu[66],67.944,1.559,65.094,70.858,0.018,0.028,7346.0,3048.0,1.0
mu[67],71.421,1.612,68.548,74.493,0.019,0.029,7149.0,2973.0,1.0
mu[68],77.848,1.641,74.887,80.927,0.021,0.029,5906.0,2908.0,1.0
mu[69],68.183,1.566,65.203,71.062,0.018,0.028,7417.0,3012.0,1.0
mu[70],78.087,1.647,75.133,81.243,0.021,0.029,6072.0,2875.0,1.0
mu[71],71.66,1.622,68.684,74.755,0.019,0.028,7071.0,3065.0,1.0
mu[72],77.662,1.642,74.696,80.864,0.021,0.031,5880.0,2978.0,1.0
mu[73],71.235,1.605,68.461,74.5,0.02,0.029,6625.0,3124.0,1.0
mu[74],67.758,1.557,64.887,70.694,0.018,0.029,7129.0,2960.0,1.0
mu[75],62.038,1.614,59.089,65.115,0.02,0.03,6754.0,2988.0,1.0
mu[76],72.204,1.622,69.003,75.128,0.02,0.031,6611.0,2492.0,1.0
mu[77],65.055,1.557,62.274,68.018,0.018,0.03,7135.0,2819.0,1.0
mu[78],59.979,1.608,56.802,62.811,0.022,0.026,5340.0,3399.0,1.0
mu[79],70.145,1.613,67.166,73.189,0.023,0.028,5034.0,2502.0,1.0
mu[80],62.995,1.55,60.145,65.871,0.021,0.026,5394.0,2678.0,1.0
mu[81],74.61,1.615,71.628,77.671,0.02,0.029,6751.0,2931.0,1.0
mu[82],64.444,1.602,61.493,67.444,0.019,0.028,7125.0,2961.0,1.0
mu[83],67.46,1.546,64.615,70.304,0.018,0.028,7527.0,3108.0,1.0
mu[84],64.683,1.619,61.694,67.822,0.019,0.029,7613.0,3158.0,1.0
mu[85],67.699,1.555,64.921,70.684,0.018,0.028,7791.0,2773.0,1.0
mu[86],74.849,1.633,71.82,77.953,0.019,0.03,7074.0,2925.0,1.0
mu[87],67.275,1.545,64.434,70.143,0.018,0.029,7322.0,2936.0,1.0
mu[88],74.424,1.609,71.394,77.38,0.02,0.031,6449.0,2619.0,1.0
mu[89],64.258,1.593,61.468,67.384,0.019,0.029,6819.0,2882.0,1.0
mu[90],71.271,1.668,68.257,74.499,0.02,0.027,7031.0,2587.0,1.0
mu[91],77.698,1.689,74.361,80.74,0.019,0.027,7932.0,3192.0,1.0
mu[92],67.794,1.613,64.734,70.751,0.018,0.025,8191.0,2979.0,1.0
mu[93],65.735,1.601,62.886,68.958,0.022,0.025,5074.0,2597.0,1.0
mu[94],75.639,1.675,72.436,78.78,0.023,0.026,5230.0,2789.0,1.0
mu[95],69.212,1.657,66.276,72.434,0.024,0.027,4636.0,2515.0,1.0
mu[96],70.2,1.608,67.123,73.156,0.018,0.027,7905.0,2381.0,1.0
mu[97],80.104,1.688,76.906,83.246,0.019,0.028,7923.0,2885.0,1.0
mu[98],73.677,1.664,70.696,76.899,0.02,0.029,7171.0,2761.0,1.0
mu[99],73.916,1.654,70.704,76.966,0.02,0.031,6711.0,2861.0,1.0
mu[100],70.439,1.594,67.543,73.693,0.018,0.029,7590.0,2669.0,1.0
mu[101],80.343,1.675,77.211,83.493,0.019,0.027,7585.0,2826.0,1.0
mu[102],79.918,1.667,76.876,83.07,0.019,0.027,7488.0,3146.0,1.0
mu[103],73.491,1.634,70.369,76.501,0.02,0.027,6461.0,3125.0,1.0
mu[104],70.014,1.582,67.07,73.005,0.018,0.027,7427.0,3137.0,1.0
mu[105],64.294,1.672,61.082,67.413,0.021,0.026,6591.0,3391.0,1.0
mu[106],67.31,1.604,64.109,70.191,0.017,0.025,8433.0,3252.0,1.0
mu[107],74.46,1.681,71.182,77.498,0.019,0.026,7984.0,3389.0,1.0
mu[108],72.401,1.667,69.191,75.389,0.024,0.025,4866.0,3276.0,1.0
mu[109],65.251,1.591,62.241,68.245,0.022,0.024,5172.0,2235.0,1.0
mu[110],62.235,1.659,59.216,65.473,0.025,0.025,4381.0,2816.0,1.0
mu[111],76.866,1.679,73.53,79.853,0.019,0.026,7482.0,2983.0,1.0
mu[112],66.7,1.664,63.513,69.714,0.021,0.026,6386.0,2947.0,1.0
mu[113],69.716,1.599,66.763,72.765,0.018,0.026,8170.0,2818.0,1.0
mu[114],77.105,1.677,73.851,80.166,0.019,0.026,7687.0,3356.0,1.0
mu[115],66.939,1.662,63.767,70.068,0.021,0.027,6259.0,3185.0,1.0
mu[116],69.955,1.587,67.024,73.067,0.018,0.027,7988.0,3215.0,1.0
mu[117],69.531,1.574,66.558,72.468,0.018,0.026,7624.0,3318.0,1.0
mu[118],76.68,1.65,73.638,79.785,0.02,0.025,6930.0,3181.0,1.0
mu[119],66.514,1.633,63.439,69.603,0.021,0.026,5890.0,3331.0,1.0
mu[120],67.175,1.623,63.975,70.089,0.02,0.03,6486.0,2691.0,1.0
mu[121],77.079,1.691,74.026,80.379,0.022,0.032,6109.0,2943.0,1.0
mu[122],70.652,1.674,67.437,73.774,0.021,0.031,6207.0,2830.0,1.0
mu[123],68.593,1.671,65.434,71.792,0.022,0.027,5588.0,3139.0,1.0
mu[124],65.116,1.618,62.072,68.081,0.021,0.026,5815.0,2910.0,1.0
mu[125],75.02,1.685,71.944,78.297,0.023,0.028,5578.0,3017.0,1.0
mu[126],79.485,1.701,76.358,82.811,0.021,0.03,6718.0,3105.0,1.0
mu[127],69.581,1.628,66.481,72.615,0.019,0.028,7431.0,2922.0,1.0
mu[128],73.058,1.68,70.002,76.362,0.02,0.029,7192.0,2845.0,1.0
mu[129],73.297,1.695,70.128,76.472,0.021,0.032,6587.0,2584.0,1.0
mu[130],79.724,1.712,76.583,83.089,0.021,0.032,6661.0,2586.0,1.0
mu[131],69.82,1.64,66.803,72.951,0.02,0.031,6824.0,2600.0,1.0
mu[132],69.395,1.643,66.101,72.237,0.019,0.029,7426.0,2886.0,1.0
mu[133],79.299,1.718,76.079,82.455,0.021,0.029,6621.0,3154.0,1.0
mu[134],72.872,1.689,69.718,76.097,0.021,0.028,6541.0,2904.0,1.0
mu[135],66.692,1.607,63.747,69.735,0.02,0.03,6711.0,2967.0,1.0
mu[136],73.841,1.663,70.739,76.972,0.021,0.031,6373.0,2892.0,1.0
mu[137],63.675,1.661,60.662,66.838,0.021,0.03,6122.0,2768.0,1.0
mu[138],71.782,1.655,68.442,74.691,0.022,0.027,5689.0,3189.0,1.0
mu[139],64.632,1.602,61.738,67.681,0.021,0.026,5918.0,2668.0,1.0
mu[140],61.616,1.656,58.354,64.595,0.022,0.026,5437.0,3293.0,1.0
mu[141],69.097,1.612,66.119,72.13,0.019,0.028,7523.0,2932.0,1.0
mu[142],66.081,1.664,63.066,69.276,0.02,0.028,6824.0,2930.0,1.0
mu[143],76.247,1.671,73.131,79.337,0.02,0.029,7045.0,3077.0,1.0
mu[144],76.486,1.693,73.406,79.758,0.02,0.032,6905.0,2720.0,1.0
mu[145],66.32,1.686,63.117,69.429,0.021,0.032,6425.0,2908.0,1.0
mu[146],69.336,1.626,66.392,72.481,0.019,0.031,7043.0,2607.0,1.0
mu[147],65.895,1.672,62.857,69.074,0.021,0.029,6391.0,2953.0,1.0
mu[148],76.061,1.681,72.849,79.163,0.021,0.029,6725.0,3039.0,1.0
mu[149],68.912,1.628,65.877,71.832,0.019,0.029,7284.0,2874.0,1.0
mu[150],67.014,1.693,63.867,70.21,0.021,0.03,6699.0,2483.0,1.0
mu[151],73.441,1.728,70.203,76.712,0.02,0.03,7154.0,2893.0,1.0
mu[152],63.537,1.632,60.294,66.493,0.019,0.029,7603.0,2583.0,1.0
mu[153],61.477,1.636,58.28,64.397,0.022,0.028,5735.0,2409.0,1.0
mu[154],71.382,1.73,67.992,74.526,0.023,0.029,5654.0,2690.0,1.0
mu[155],64.954,1.698,61.692,68.056,0.024,0.028,5222.0,2604.0,1.0
mu[156],69.42,1.698,66.362,72.729,0.02,0.03,7403.0,2654.0,1.0
mu[157],75.847,1.736,72.705,79.262,0.02,0.03,7693.0,2718.0,1.0
mu[158],65.943,1.635,62.907,69.086,0.018,0.03,8411.0,2655.0,1.0
mu[159],76.086,1.716,72.852,79.24,0.02,0.031,7155.0,2425.0,1.0
mu[160],66.182,1.615,63.028,69.082,0.019,0.032,7488.0,2348.0,1.0
mu[161],69.659,1.682,66.478,72.762,0.021,0.031,6606.0,2598.0,1.0
mu[162],69.234,1.688,65.988,72.35,0.021,0.029,6499.0,2669.0,1.0
mu[163],75.661,1.733,72.318,78.864,0.021,0.032,6956.0,2826.0,1.0
mu[164],65.757,1.63,62.869,68.993,0.019,0.029,7465.0,2737.0,1.0
mu[165],63.053,1.624,60.105,66.238,0.018,0.028,8549.0,2909.0,1.0
mu[166],60.037,1.687,56.791,63.141,0.019,0.028,7803.0,3112.0,1.0
mu[167],70.203,1.719,66.858,73.288,0.019,0.028,8519.0,3162.0,1.0
mu[168],60.994,1.627,57.813,63.897,0.021,0.028,6228.0,2700.0,1.0
mu[169],68.143,1.721,64.864,71.301,0.022,0.027,6372.0,2923.0,1.0
mu[170],57.977,1.69,54.79,61.155,0.022,0.028,5870.0,2856.0,1.0
mu[171],72.608,1.726,69.382,75.917,0.018,0.029,9203.0,3051.0,1.0
mu[172],65.459,1.627,62.517,68.616,0.017,0.03,9419.0,2660.0,1.0
mu[173],62.443,1.688,59.245,65.618,0.018,0.03,8464.0,2967.0,1.0
mu[174],62.682,1.68,59.619,65.99,0.019,0.03,7573.0,2558.0,1.0
mu[175],72.847,1.717,69.538,75.926,0.019,0.03,8400.0,2785.0,1.0
mu[176],65.698,1.609,62.734,68.726,0.018,0.031,8387.0,2298.0,1.0
mu[177],65.273,1.623,62.057,68.124,0.018,0.03,8196.0,2838.0,1.0
mu[178],72.423,1.717,69.152,75.612,0.019,0.031,7905.0,2681.0,1.0
mu[179],62.257,1.677,59.158,65.421,0.02,0.029,7316.0,2932.0,1.0
mu[180],55.693,1.602,52.547,58.514,0.018,0.026,7838.0,2871.0,1.0
mu[181],59.17,1.653,56.026,62.232,0.02,0.028,6975.0,2643.0,1.0
mu[182],65.597,1.661,62.46,68.648,0.02,0.027,7103.0,3264.0,1.0
mu[183],63.538,1.636,60.656,66.707,0.022,0.023,5621.0,3299.0,1.0
mu[184],57.11,1.631,53.999,60.08,0.022,0.025,5523.0,3151.0,1.0
mu[185],53.633,1.577,50.747,56.541,0.02,0.024,6170.0,3255.0,1.0
mu[186],61.575,1.631,58.517,64.682,0.02,0.028,6942.0,2744.0,1.0
mu[187],58.098,1.577,55.28,61.082,0.018,0.027,7583.0,2978.0,1.0
mu[188],68.003,1.643,64.909,71.03,0.02,0.027,6655.0,2896.0,1.0
mu[189],68.242,1.652,65.038,71.202,0.021,0.025,6443.0,2990.0,1.0
mu[190],61.814,1.645,58.787,64.861,0.02,0.027,6558.0,2673.0,1.0
mu[191],58.337,1.588,55.285,61.133,0.018,0.025,7318.0,2613.0,1.0
mu[192],67.817,1.646,64.709,70.72,0.021,0.026,6364.0,3182.0,1.0
mu[193],57.913,1.578,54.912,60.74,0.018,0.026,7361.0,3127.0,1.0
mu[194],61.39,1.627,58.295,64.378,0.02,0.028,6459.0,2499.0,1.0
mu[195],55.209,1.588,52.351,58.341,0.018,0.025,8117.0,3119.0,1.0
mu[196],52.193,1.654,49.091,55.278,0.02,0.026,6945.0,3018.0,1.0
mu[197],62.358,1.646,59.415,65.591,0.019,0.026,7668.0,3454.0,1.0
mu[198],60.299,1.62,57.263,63.195,0.021,0.024,5990.0,3479.0,1.0
mu[199],50.133,1.63,47.149,53.162,0.022,0.025,5615.0,3208.0,1.0
mu[200],53.15,1.562,50.405,56.121,0.02,0.024,6396.0,3179.0,1.0
mu[201],54.598,1.629,51.389,57.477,0.02,0.026,6765.0,2851.0,1.0
mu[202],64.764,1.626,61.714,67.745,0.019,0.025,7410.0,3279.0,1.0
mu[203],57.615,1.564,54.743,60.535,0.018,0.026,7868.0,3041.0,1.0
mu[204],57.854,1.576,54.987,60.793,0.018,0.025,7834.0,3025.0,1.0
mu[205],54.837,1.65,51.68,57.723,0.02,0.026,6877.0,2973.0,1.0
mu[206],65.003,1.648,61.907,67.989,0.019,0.025,7280.0,3135.0,1.0
mu[207],57.429,1.565,54.506,60.253,0.018,0.026,7700.0,3162.0,1.0
mu[208],54.413,1.623,51.316,57.402,0.02,0.026,6476.0,2632.0,1.0
mu[209],64.579,1.622,61.647,67.601,0.019,0.026,6870.0,3353.0,1.0
mu[210],54.162,1.604,51.158,57.211,0.018,0.025,7844.0,3440.0,1.0
mu[211],64.066,1.663,60.901,67.087,0.02,0.027,6947.0,3199.0,1.0
mu[212],57.639,1.643,54.519,60.685,0.019,0.026,7112.0,2500.0,1.01
mu[213],52.103,1.612,49.127,55.14,0.02,0.023,6547.0,3273.0,1.0
mu[214],62.007,1.67,59.012,65.274,0.022,0.025,5947.0,3127.0,1.0
mu[215],55.58,1.652,52.504,58.617,0.021,0.024,5947.0,3047.0,1.0
mu[216],66.472,1.669,63.44,69.675,0.02,0.027,6836.0,2966.0,1.0
mu[217],56.568,1.605,53.489,59.523,0.018,0.026,7859.0,3371.0,1.0
mu[218],60.045,1.645,57.007,63.207,0.019,0.026,7164.0,3023.0,1.0
mu[219],60.284,1.647,57.162,63.273,0.019,0.024,7633.0,3396.0,1.0
mu[220],66.711,1.667,63.657,69.909,0.019,0.025,7482.0,3342.0,1.0
mu[221],56.807,1.603,53.85,59.852,0.017,0.024,8456.0,3433.0,1.0
mu[222],59.859,1.642,56.69,62.849,0.02,0.024,7069.0,3363.0,1.0
mu[223],66.286,1.673,63.148,69.437,0.02,0.026,6807.0,3084.0,1.0
mu[224],56.382,1.606,53.299,59.3,0.018,0.025,7770.0,3160.0,1.0
mu[225],50.662,1.666,47.342,53.575,0.019,0.026,7425.0,3234.0,1.0
mu[226],60.828,1.659,57.759,63.936,0.019,0.027,7705.0,3227.0,1.0
mu[227],53.678,1.599,50.68,56.735,0.018,0.025,8232.0,3282.0,1.0
mu[228],51.619,1.607,48.649,54.704,0.019,0.024,6819.0,3291.0,1.0
mu[229],58.768,1.664,55.694,61.796,0.021,0.026,6381.0,3049.0,1.0
mu[230],48.603,1.673,45.546,51.871,0.021,0.026,6204.0,3308.0,1.0
mu[231],56.084,1.6,52.998,58.954,0.018,0.026,8196.0,3294.0,1.0
mu[232],63.234,1.663,60.094,66.292,0.019,0.028,7551.0,3220.0,1.0
mu[233],53.068,1.665,49.932,56.203,0.019,0.027,7459.0,3146.0,1.0
mu[234],56.323,1.6,53.348,59.341,0.017,0.025,8995.0,3326.0,1.0
mu[235],63.473,1.672,60.393,66.647,0.018,0.027,8332.0,3324.0,1.0
mu[236],53.307,1.674,50.183,56.478,0.019,0.026,7912.0,3246.0,1.0
mu[237],52.882,1.66,49.676,55.896,0.02,0.026,7080.0,3217.0,1.0
mu[238],55.898,1.603,52.863,58.848,0.018,0.026,7983.0,3246.0,1.0
mu[239],63.048,1.66,59.985,66.182,0.019,0.027,7287.0,3029.0,1.0
mu[240],67.767,1.656,64.677,70.889,0.022,0.027,5697.0,2858.0,1.0
mu[241],64.29,1.598,61.255,67.221,0.02,0.026,6142.0,3033.0,1.0
mu[242],74.194,1.648,71.289,77.444,0.022,0.028,5862.0,2960.0,1.0
mu[243],62.231,1.625,59.108,65.128,0.023,0.027,5051.0,2943.0,1.0
mu[244],72.135,1.672,69.125,75.294,0.024,0.028,4798.0,2864.0,1.0
mu[245],65.708,1.683,62.545,68.804,0.025,0.028,4559.0,2779.0,1.0
mu[246],76.6,1.688,73.408,79.745,0.021,0.028,6364.0,3011.0,1.0
mu[247],70.173,1.692,66.978,73.321,0.022,0.029,6116.0,2945.0,1.0
mu[248],66.696,1.635,63.663,69.758,0.02,0.028,6673.0,3059.0,1.0
mu[249],66.935,1.63,63.889,69.968,0.02,0.03,6494.0,2859.0,1.0
mu[250],76.839,1.683,73.614,79.89,0.021,0.031,6185.0,2698.0,1.0
mu[251],70.412,1.692,67.371,73.663,0.022,0.032,5884.0,2876.0,1.0
mu[252],69.987,1.677,66.742,72.994,0.022,0.029,5918.0,2935.0,1.0
mu[253],76.414,1.681,73.287,79.56,0.022,0.032,6100.0,2992.0,1.0
mu[254],66.51,1.625,63.271,69.363,0.02,0.029,6446.0,2757.0,1.0
mu[255],70.956,1.657,67.937,74.029,0.022,0.029,5646.0,2761.0,1.0
mu[256],63.806,1.588,60.791,66.716,0.02,0.026,6182.0,3023.0,1.0
mu[257],60.79,1.674,57.524,63.803,0.023,0.029,5352.0,2590.0,1.0
mu[258],61.747,1.614,58.791,64.789,0.023,0.027,5064.0,2771.0,1.0
mu[259],58.731,1.699,55.497,61.782,0.025,0.029,4593.0,2815.0,1.0
mu[260],68.897,1.68,65.858,72.054,0.025,0.03,4567.0,2685.0,1.0
mu[261],73.362,1.695,70.242,76.561,0.022,0.029,6036.0,2479.0,1.0
mu[262],63.196,1.706,59.867,66.309,0.023,0.03,5765.0,2843.0,1.0
mu[263],66.212,1.625,63.103,69.187,0.02,0.028,6654.0,2911.0,1.0
mu[264],73.601,1.702,70.346,76.668,0.022,0.033,5868.0,2555.0,1.0
mu[265],66.451,1.622,63.518,69.607,0.02,0.03,6464.0,2746.0,1.0
mu[266],63.435,1.713,60.087,66.528,0.023,0.033,5620.0,2645.0,1.0
mu[267],63.01,1.691,59.759,66.093,0.023,0.031,5444.0,2623.0,1.0
mu[268],66.026,1.615,62.896,68.978,0.02,0.03,6431.0,2533.0,1.0
mu[269],73.176,1.681,69.93,76.214,0.022,0.033,5792.0,2273.0,1.0
mu[270],62.054,1.655,58.91,65.132,0.021,0.028,6473.0,2725.0,1.0
mu[271],68.481,1.676,65.238,71.575,0.021,0.027,6403.0,2838.0,1.0
mu[272],58.577,1.61,55.59,61.664,0.02,0.028,6823.0,2620.0,1.0
mu[273],59.995,1.627,57.054,63.116,0.022,0.026,5659.0,3040.0,1.0
mu[274],56.518,1.581,53.627,59.597,0.02,0.026,5907.0,3081.0,1.0
mu[275],66.422,1.646,63.375,69.589,0.022,0.027,5687.0,2790.0,1.0
mu[276],64.46,1.642,61.497,67.66,0.02,0.027,6673.0,2976.0,1.0
mu[277],70.887,1.668,67.697,73.875,0.021,0.027,6413.0,2921.0,1.0
mu[278],60.983,1.596,57.795,63.794,0.019,0.027,6955.0,2763.0,1.0
mu[279],71.126,1.647,68.056,74.254,0.021,0.027,6008.0,3070.0,1.0
mu[280],64.699,1.626,61.567,67.668,0.021,0.026,6003.0,2951.0,1.0
mu[281],61.222,1.576,58.15,64.072,0.02,0.026,6354.0,3170.0,1.0
mu[282],60.797,1.591,57.853,63.761,0.019,0.028,7030.0,2849.0,1.0
mu[283],70.702,1.665,67.608,73.909,0.021,0.029,6574.0,2970.0,1.0
mu[284],64.274,1.631,61.385,67.451,0.02,0.028,6716.0,2728.0,1.0
mu[285],55.077,1.682,51.649,57.985,0.022,0.03,5776.0,2723.0,1.0
mu[286],58.094,1.609,55.015,61.005,0.02,0.028,6741.0,2802.0,1.0
mu[287],65.243,1.682,62.15,68.461,0.022,0.028,5803.0,2883.0,1.0
mu[288],53.018,1.653,49.856,56.042,0.023,0.026,5210.0,2912.0,1.0
mu[289],56.034,1.578,53.084,59.005,0.021,0.026,5909.0,3049.0,1.0
mu[290],63.184,1.651,60.052,66.19,0.022,0.026,5429.0,3281.0,1.0
mu[291],67.649,1.671,64.526,70.747,0.021,0.028,6125.0,2984.0,1.0
mu[292],57.483,1.666,54.207,60.518,0.022,0.029,5836.0,2820.0,1.0
mu[293],60.5,1.595,57.522,63.486,0.019,0.027,6819.0,2858.0,1.0
mu[294],67.888,1.663,64.808,71.0,0.021,0.028,6004.0,2872.0,1.0
mu[295],60.739,1.576,57.942,63.82,0.02,0.026,6397.0,3096.0,1.0
mu[296],57.722,1.657,54.428,60.663,0.022,0.027,5613.0,2983.0,1.0
mu[297],60.314,1.59,57.28,63.23,0.019,0.028,6929.0,2975.0,1.0
mu[298],67.463,1.662,64.393,70.59,0.021,0.028,6051.0,2605.0,1.0
mu[299],57.297,1.654,54.097,60.388,0.022,0.028,5809.0,2847.0,1.0
mu[300],68.271,1.692,65.087,71.471,0.019,0.028,7673.0,2591.0,1.0
mu[301],74.698,1.723,71.305,77.8,0.021,0.029,6969.0,2640.0,1.0
mu[302],64.794,1.645,61.815,67.895,0.019,0.028,7910.0,3236.0,1.0
mu[303],72.639,1.703,69.396,75.85,0.023,0.026,5332.0,2762.0,1.0
mu[304],62.735,1.626,59.906,65.973,0.021,0.025,5741.0,3050.0,1.0
mu[305],66.212,1.674,62.857,69.183,0.022,0.026,5781.0,3270.0,1.0
mu[306],67.2,1.617,64.141,70.088,0.017,0.027,8697.0,2998.0,1.0
mu[307],70.677,1.665,67.643,73.828,0.018,0.028,8439.0,2687.0,1.0
mu[308],77.104,1.7,73.924,80.28,0.02,0.028,7516.0,2884.0,1.0
mu[309],70.916,1.684,68.0,74.308,0.019,0.027,7977.0,3405.0,1.0
mu[310],67.439,1.633,64.557,70.586,0.018,0.027,8721.0,3290.0,1.0
mu[311],77.343,1.715,74.259,80.632,0.02,0.027,7649.0,3131.0,1.0
mu[312],70.491,1.687,67.338,73.643,0.019,0.028,7761.0,2837.0,1.0
mu[313],76.918,1.73,73.851,80.349,0.021,0.029,6925.0,2772.0,1.0
mu[314],67.014,1.645,63.94,70.037,0.019,0.029,7835.0,2755.0,1.0
mu[315],71.46,1.726,68.422,74.761,0.02,0.029,7240.0,2875.0,1.0
mu[316],61.294,1.712,58.028,64.349,0.02,0.03,7197.0,3204.0,1.0
mu[317],64.311,1.644,61.087,67.181,0.019,0.029,7728.0,3039.0,1.0
mu[318],59.235,1.693,56.23,62.518,0.023,0.026,5371.0,3314.0,1.0
mu[319],62.251,1.624,59.242,65.284,0.022,0.026,5600.0,2879.0,1.0
mu[320],69.401,1.705,66.37,72.685,0.023,0.026,5449.0,2942.0,1.0
mu[321],73.866,1.702,70.755,77.068,0.019,0.029,7795.0,2723.0,1.0
mu[322],63.7,1.683,60.726,66.865,0.02,0.029,7405.0,2717.0,1.0
mu[323],66.716,1.616,63.603,69.563,0.018,0.028,8280.0,2976.0,1.0
mu[324],66.956,1.634,63.962,69.958,0.018,0.027,8477.0,3104.0,1.0
mu[325],74.105,1.728,71.086,77.439,0.02,0.028,7803.0,3058.0,1.0
mu[326],63.939,1.709,60.658,67.055,0.02,0.028,7624.0,3226.0,1.0
mu[327],66.531,1.645,63.507,69.564,0.019,0.03,7644.0,2693.0,1.0
mu[328],63.514,1.704,60.375,66.692,0.02,0.03,6969.0,2742.0,1.0
mu[329],73.68,1.725,70.562,76.965,0.021,0.029,7010.0,2998.0,1.0
mu[330],62.261,1.599,59.173,65.135,0.019,0.027,6763.0,2864.0,1.0
mu[331],72.166,1.674,68.855,75.177,0.02,0.029,7183.0,3192.0,1.0
mu[332],65.738,1.65,62.705,68.884,0.021,0.028,6110.0,3029.0,1.0
mu[333],70.106,1.689,66.87,73.23,0.023,0.028,5537.0,3082.0,1.0
mu[334],60.202,1.616,57.267,63.318,0.022,0.025,5494.0,2871.0,1.0
mu[335],63.679,1.668,60.442,66.666,0.023,0.026,5168.0,3021.0,1.0
mu[336],68.144,1.666,64.961,71.184,0.021,0.027,6524.0,2720.0,1.0
mu[337],64.667,1.614,61.785,67.82,0.019,0.027,6858.0,3042.0,1.0
mu[338],74.572,1.693,71.394,77.79,0.02,0.029,6927.0,2691.0,1.0
mu[339],74.811,1.663,71.466,77.713,0.019,0.027,7625.0,3098.0,1.0
mu[340],64.906,1.583,61.804,67.772,0.018,0.026,7682.0,3227.0,1.0
mu[341],68.383,1.639,65.378,71.517,0.02,0.028,6961.0,2972.0,1.01
mu[342],67.958,1.68,64.937,71.202,0.02,0.028,6948.0,2978.0,1.0
mu[343],74.386,1.715,71.078,77.596,0.019,0.03,7917.0,3125.0,1.0
mu[344],64.482,1.634,61.385,67.595,0.019,0.028,7620.0,2977.0,1.0
mu[345],61.778,1.593,58.857,64.75,0.019,0.027,7342.0,2982.0,1.0
mu[346],58.761,1.662,55.735,61.846,0.021,0.027,6408.0,3026.0,1.0
mu[347],68.927,1.671,65.797,72.046,0.019,0.028,8012.0,2818.0,1.0
mu[348],66.868,1.685,63.666,69.95,0.022,0.027,5844.0,2942.0,1.0
mu[349],59.719,1.609,56.691,62.608,0.021,0.025,5775.0,3149.0,1.0
mu[350],56.702,1.678,53.673,59.884,0.023,0.026,5278.0,3264.0,1.0
mu[351],61.167,1.675,58.03,64.234,0.021,0.026,6583.0,3140.0,1.0
mu[352],71.333,1.688,68.246,74.641,0.02,0.029,7873.0,3052.0,1.0
mu[353],64.184,1.608,61.245,67.245,0.019,0.027,7349.0,2963.0,1.0
mu[354],64.423,1.579,61.386,67.334,0.017,0.026,8176.0,3246.0,1.0
mu[355],61.406,1.655,58.444,64.562,0.02,0.027,7154.0,2895.0,1.0
mu[356],71.572,1.67,68.726,74.924,0.018,0.028,8206.0,3170.0,1.0
mu[357],60.982,1.688,57.845,64.089,0.021,0.027,6709.0,2956.0,1.0
mu[358],63.998,1.629,61.024,67.162,0.018,0.027,8235.0,2886.0,1.0
mu[359],71.147,1.704,67.756,74.184,0.019,0.028,8407.0,3100.0,1.0
mu[360],67.501,1.672,64.467,70.643,0.02,0.026,7160.0,3320.0,1.0
mu[361],57.597,1.591,54.686,60.62,0.018,0.026,8073.0,3303.0,1.0
mu[362],61.074,1.65,58.097,64.232,0.019,0.026,7447.0,3426.0,1.0
mu[363],59.014,1.67,55.824,61.985,0.022,0.025,5655.0,3202.0,1.0
mu[364],65.442,1.689,62.14,68.389,0.023,0.026,5627.0,3249.0,1.0
mu[365],55.537,1.611,52.676,58.614,0.021,0.024,6004.0,3179.0,1.0
mu[366],63.479,1.659,60.522,66.679,0.019,0.027,7697.0,3205.0,1.0
mu[367],69.907,1.685,66.812,72.987,0.02,0.026,7178.0,2953.0,1.0
mu[368],60.003,1.6,57.258,63.165,0.018,0.026,8193.0,3303.0,1.0
mu[369],63.719,1.674,60.693,66.928,0.019,0.029,7750.0,3317.0,1.0
mu[370],70.146,1.696,67.042,73.268,0.02,0.028,7457.0,3389.0,1.0
mu[371],60.242,1.611,57.315,63.282,0.018,0.028,7890.0,3009.0,1.0
mu[372],69.721,1.708,66.409,72.816,0.02,0.027,7630.0,3169.0,1.0
mu[373],59.817,1.621,56.946,63.039,0.017,0.027,8728.0,3192.0,1.0
mu[374],63.294,1.674,60.157,66.418,0.019,0.027,7975.0,3370.0,1.0
mu[375],57.113,1.576,54.177,60.011,0.017,0.026,8331.0,3123.0,1.0
mu[376],54.097,1.634,51.041,57.112,0.019,0.027,7488.0,3326.0,1.0
mu[377],64.263,1.648,61.295,67.464,0.019,0.027,7859.0,3230.0,1.0
mu[378],55.054,1.595,52.158,58.079,0.02,0.025,6124.0,3274.0,1.0
mu[379],62.203,1.664,59.126,65.275,0.022,0.026,5911.0,3195.0,1.0
mu[380],52.037,1.652,48.859,54.914,0.022,0.026,5700.0,3275.0,1.0
mu[381],56.503,1.64,53.552,59.615,0.019,0.028,7505.0,3260.0,1.0
mu[382],66.668,1.659,63.73,69.843,0.019,0.028,7875.0,3070.0,1.0
mu[383],59.519,1.585,56.638,62.479,0.017,0.027,8348.0,3176.0,1.0
mu[384],66.907,1.682,63.782,70.027,0.019,0.03,8158.0,2583.0,1.0
mu[385],56.742,1.662,53.418,59.599,0.019,0.03,7353.0,3102.0,1.0
mu[386],59.758,1.598,56.822,62.744,0.018,0.028,8324.0,3265.0,1.0
mu[387],66.483,1.675,63.396,69.62,0.019,0.029,8057.0,2815.0,1.0
mu[388],59.333,1.606,56.322,62.359,0.017,0.028,8837.0,3202.0,1.0
mu[389],56.317,1.654,53.157,59.354,0.019,0.029,7720.0,3227.0,1.0
mu[390],65.73,1.693,62.566,68.996,0.02,0.029,7080.0,2924.0,1.0
mu[391],72.157,1.687,68.977,75.308,0.019,0.027,7513.0,3248.0,1.0
mu[392],62.253,1.631,59.237,65.389,0.019,0.029,7621.0,2839.0,1.0
mu[393],60.193,1.615,57.26,63.301,0.021,0.027,6126.0,2928.0,1.0
mu[394],63.67,1.679,60.485,66.751,0.022,0.027,5783.0,2906.0,1.0
mu[395],70.098,1.67,66.998,73.189,0.021,0.026,6145.0,2892.0,1.0
mu[396],68.135,1.678,65.064,71.372,0.02,0.028,7102.0,3124.0,1.0
mu[397],74.563,1.676,71.359,77.608,0.02,0.028,7341.0,3151.0,1.0
mu[398],64.658,1.614,61.623,67.681,0.019,0.028,7552.0,2738.0,1.0
mu[399],74.802,1.674,71.632,77.884,0.019,0.027,7858.0,3011.0,1.0
mu[400],68.374,1.68,65.399,71.701,0.02,0.029,7218.0,2581.0,1.0
mu[401],64.898,1.613,61.829,67.794,0.018,0.028,7780.0,2563.0,1.0
mu[402],74.377,1.678,71.061,77.347,0.02,0.027,7095.0,3090.0,1.0
mu[403],64.473,1.614,61.294,67.339,0.019,0.027,7405.0,2730.0,1.0
mu[404],67.95,1.673,64.752,70.967,0.02,0.027,6847.0,2900.0,1.0
mu[405],68.918,1.656,65.925,72.113,0.019,0.028,7659.0,3010.0,1.0
mu[406],58.753,1.668,55.557,61.74,0.02,0.031,6704.0,2685.0,1.0
mu[407],61.769,1.607,58.677,64.679,0.018,0.029,7799.0,2619.0,1.0
mu[408],56.693,1.652,53.642,59.763,0.022,0.027,5499.0,3018.0,1.0
mu[409],59.71,1.59,56.719,62.62,0.02,0.026,6263.0,2849.0,1.0
mu[410],66.859,1.638,63.72,69.829,0.021,0.025,6160.0,3190.0,1.0
mu[411],64.175,1.59,61.128,67.042,0.018,0.029,7699.0,2844.0,1.0
mu[412],61.158,1.649,58.11,64.223,0.02,0.029,6679.0,3104.0,1.0
mu[413],71.324,1.643,68.07,74.154,0.019,0.028,7476.0,3257.0,1.0
mu[414],61.398,1.659,58.402,64.497,0.02,0.029,6846.0,2904.0,1.0
mu[415],71.563,1.653,68.518,74.617,0.019,0.027,7937.0,3269.0,1.0
mu[416],64.414,1.59,61.517,67.379,0.018,0.028,7994.0,2738.0,1.0
mu[417],71.139,1.639,68.147,74.195,0.019,0.027,7124.0,3356.0,1.0
mu[418],60.973,1.643,57.991,64.072,0.021,0.028,6404.0,3023.0,1.0
mu[419],63.989,1.59,61.045,66.945,0.018,0.028,7554.0,2807.0,1.0
mu[420],66.577,1.595,63.668,69.588,0.019,0.029,7298.0,2517.0,1.0
mu[421],76.481,1.666,73.491,79.58,0.02,0.03,6726.0,2973.0,1.0
mu[422],70.054,1.65,66.975,73.079,0.02,0.028,6559.0,2894.0,1.0
mu[423],64.518,1.602,61.66,67.664,0.021,0.027,5664.0,2844.0,1.0
mu[424],74.422,1.671,71.209,77.408,0.023,0.03,5445.0,2510.0,1.0
mu[425],67.995,1.657,64.888,71.073,0.023,0.025,5249.0,3287.0,1.0
mu[426],68.983,1.617,65.79,71.903,0.018,0.029,7813.0,2594.0,1.0
mu[427],78.887,1.692,75.636,81.932,0.02,0.031,7044.0,3131.0,1.0
mu[428],72.46,1.672,69.305,75.499,0.02,0.028,7073.0,3034.0,1.0
mu[429],72.699,1.663,69.577,75.851,0.021,0.028,6386.0,2800.0,1.0
mu[430],69.222,1.604,66.222,72.187,0.019,0.028,7308.0,3075.0,1.0
mu[431],79.126,1.679,75.82,82.105,0.02,0.031,6880.0,2855.0,1.0
mu[432],72.274,1.659,69.246,75.425,0.02,0.029,6572.0,2837.0,1.0
mu[433],78.701,1.687,75.521,81.798,0.021,0.032,6890.0,3080.0,1.0
mu[434],68.797,1.608,65.881,71.852,0.019,0.031,7562.0,2466.0,1.0
mu[435],63.077,1.672,59.823,66.055,0.022,0.031,5749.0,2518.0,1.0
mu[436],66.094,1.592,62.919,68.844,0.018,0.03,7439.0,2668.0,1.0
mu[437],73.243,1.678,70.207,76.4,0.021,0.031,6457.0,2607.0,1.0
mu[438],61.018,1.678,58.144,64.434,0.024,0.027,4958.0,3124.0,1.0
mu[439],71.184,1.682,67.891,74.18,0.023,0.03,5260.0,2641.0,1.0
mu[440],64.034,1.597,60.91,66.871,0.021,0.028,5706.0,2981.0,1.0
mu[441],65.483,1.691,62.373,68.723,0.021,0.028,6298.0,3052.0,1.0
mu[442],75.649,1.702,72.558,78.94,0.021,0.03,6765.0,3007.0,1.0
mu[443],68.5,1.613,65.688,71.694,0.018,0.029,7829.0,2908.0,1.0
mu[444],68.739,1.602,65.66,71.608,0.018,0.029,7603.0,2790.0,1.0
mu[445],75.888,1.7,72.707,79.026,0.021,0.031,6650.0,2659.0,1.0
mu[446],65.722,1.689,62.605,68.87,0.022,0.028,6082.0,3014.0,1.0
mu[447],75.463,1.69,72.386,78.616,0.021,0.033,6462.0,2464.0,1.0
mu[448],65.297,1.677,62.22,68.471,0.022,0.031,5672.0,2592.0,1.0
mu[449],68.314,1.606,65.317,71.32,0.019,0.032,7558.0,2430.0,1.0
mu[450],68.615,1.655,65.794,71.986,0.02,0.027,6859.0,3016.0,1.0
mu[451],65.138,1.601,62.03,68.004,0.019,0.026,7478.0,3053.0,1.0
mu[452],75.042,1.648,72.003,78.012,0.02,0.028,6668.0,2853.0,1.0
mu[453],66.555,1.661,63.426,69.681,0.023,0.026,5261.0,3191.0,1.0
mu[454],72.983,1.651,70.091,76.238,0.023,0.027,5338.0,3091.0,1.0
mu[455],63.078,1.606,60.24,66.249,0.022,0.025,5587.0,3324.0,1.0
mu[456],71.02,1.656,68.051,74.274,0.02,0.026,7130.0,3156.0,1.0
mu[457],67.543,1.6,64.405,70.454,0.018,0.026,7734.0,3083.0,1.0
mu[458],77.448,1.652,74.197,80.375,0.02,0.028,6887.0,3060.0,1.0
mu[459],71.26,1.654,68.204,74.497,0.02,0.027,7143.0,3423.0,1.0
mu[460],67.783,1.594,64.938,70.904,0.018,0.026,7884.0,3036.0,1.0
mu[461],77.687,1.646,74.49,80.674,0.02,0.028,7039.0,3172.0,1.0
mu[462],77.262,1.659,74.133,80.33,0.02,0.029,6901.0,2963.0,1.0
mu[463],70.835,1.655,67.81,73.968,0.02,0.028,7075.0,3062.0,1.0
mu[464],67.358,1.605,64.261,70.21,0.018,0.028,7847.0,2856.0,1.0
mu[465],71.803,1.633,68.898,75.029,0.02,0.028,6789.0,2756.0,1.0
mu[466],61.638,1.655,58.476,64.628,0.021,0.026,6298.0,2964.0,1.0
mu[467],64.654,1.584,61.566,67.53,0.018,0.026,7556.0,3236.0,1.0
mu[468],62.595,1.588,59.607,65.566,0.021,0.025,5625.0,3315.0,1.0
mu[469],59.578,1.659,56.534,62.786,0.023,0.026,4977.0,2956.0,1.0
mu[470],69.744,1.635,66.613,72.728,0.022,0.028,5312.0,3125.0,1.0
mu[471],67.06,1.583,63.953,69.971,0.018,0.026,7868.0,3106.0,1.0
mu[472],64.043,1.652,60.866,67.16,0.02,0.026,6840.0,3066.0,1.0
mu[473],74.209,1.636,71.154,77.326,0.02,0.028,6994.0,2833.0,1.0
mu[474],74.448,1.641,71.454,77.581,0.019,0.028,7118.0,3139.0,1.0
mu[475],67.299,1.579,64.523,70.398,0.018,0.026,7982.0,3309.0,1.0
mu[476],64.283,1.657,61.292,67.472,0.02,0.027,6856.0,3169.0,1.0
mu[477],66.874,1.588,63.919,69.901,0.018,0.029,7867.0,2804.0,1.0
mu[478],74.024,1.636,70.989,77.076,0.02,0.03,6851.0,2612.0,1.0
mu[479],63.858,1.65,60.721,66.854,0.02,0.028,6723.0,2865.0,1.0
mu[480],59.339,1.648,56.115,62.282,0.02,0.027,6535.0,3205.0,1.0
mu[481],55.862,1.585,52.808,58.75,0.019,0.026,7053.0,3078.0,1.0
mu[482],65.766,1.66,62.692,68.867,0.02,0.026,7005.0,2744.0,1.0
mu[483],53.803,1.581,50.892,56.771,0.021,0.024,5828.0,3167.0,1.0
mu[484],63.707,1.655,60.715,66.892,0.022,0.025,5528.0,3211.0,1.0
mu[485],57.28,1.646,54.286,60.379,0.022,0.026,5469.0,2591.0,1.0
mu[486],58.268,1.568,55.062,60.991,0.019,0.024,6736.0,3108.0,1.0
mu[487],61.745,1.633,58.581,64.735,0.02,0.026,6398.0,3071.0,1.0
mu[488],68.172,1.649,65.059,71.237,0.02,0.026,6643.0,3051.0,1.0
mu[489],61.984,1.656,58.876,65.056,0.02,0.025,6955.0,3343.0,1.0
mu[490],58.507,1.588,55.506,61.426,0.019,0.024,7315.0,3333.0,1.0
mu[491],68.411,1.667,65.403,71.619,0.02,0.024,6841.0,3174.0,1.0
mu[492],58.082,1.576,54.947,60.962,0.019,0.026,7240.0,3324.0,1.0
mu[493],61.559,1.635,58.366,64.608,0.02,0.027,6674.0,3132.0,1.0
mu[494],67.986,1.659,64.744,70.99,0.02,0.026,6626.0,2825.0,1.0
mu[495],52.362,1.656,49.417,55.583,0.021,0.027,6340.0,3075.0,1.0
mu[496],62.528,1.664,59.496,65.673,0.019,0.026,7493.0,3113.0,1.0
mu[497],55.379,1.576,52.326,58.193,0.018,0.025,7308.0,3231.0,1.0
mu[498],60.469,1.658,57.389,63.54,0.022,0.025,5757.0,2741.0,1.0
mu[499],53.319,1.572,50.433,56.262,0.02,0.024,6067.0,3016.0,1.0
mu[500],50.303,1.651,47.267,53.363,0.022,0.026,5422.0,3189.0,1.0
mu[501],64.934,1.651,61.851,68.015,0.02,0.027,7030.0,2888.0,1.0
mu[502],57.785,1.559,54.728,60.554,0.019,0.024,7004.0,3139.0,1.0
mu[503],54.768,1.637,51.718,57.798,0.021,0.025,6224.0,2852.0,1.0
mu[504],65.173,1.682,62.096,68.315,0.02,0.025,7392.0,3406.0,1.0
mu[505],55.007,1.668,51.991,58.13,0.02,0.026,6706.0,3126.0,1.0
mu[506],58.024,1.582,55.1,60.945,0.018,0.024,7811.0,3420.0,1.0
mu[507],57.599,1.568,54.489,60.411,0.018,0.026,7522.0,3141.0,1.0
mu[508],54.582,1.639,51.486,57.655,0.021,0.027,6379.0,3226.0,1.0
mu[509],64.748,1.655,61.436,67.604,0.02,0.026,6915.0,3195.0,1.0
mu[510],64.721,1.623,61.626,67.674,0.017,0.026,8796.0,3152.0,1.0
mu[511],74.626,1.707,71.578,78.01,0.02,0.026,7262.0,3011.0,1.0
mu[512],68.198,1.695,65.086,71.368,0.019,0.026,7609.0,3201.0,1.0
mu[513],66.139,1.67,63.114,69.297,0.021,0.024,6056.0,3426.0,1.0
mu[514],62.662,1.595,59.726,65.702,0.019,0.024,7032.0,3208.0,1.0
mu[515],72.566,1.679,69.626,75.887,0.022,0.025,6055.0,2852.0,1.0
mu[516],77.031,1.695,73.883,80.17,0.02,0.027,7129.0,2971.0,1.0
mu[517],67.127,1.605,64.107,70.109,0.017,0.026,8940.0,3186.0,1.0
mu[518],70.604,1.679,67.446,73.688,0.019,0.026,7847.0,3210.0,1.0
mu[519],70.843,1.692,67.396,73.822,0.019,0.027,8003.0,3267.0,1.0
mu[520],67.366,1.615,64.284,70.318,0.017,0.028,9391.0,3154.0,1.0
mu[521],77.27,1.704,74.14,80.499,0.02,0.027,7383.0,2863.0,1.0
mu[522],66.941,1.58,63.854,69.723,0.017,0.024,8955.0,3565.0,1.0
mu[523],70.418,1.65,67.363,73.462,0.019,0.024,7379.0,3420.0,1.0
mu[524],76.846,1.674,73.733,80.017,0.02,0.026,7311.0,2911.0,1.0
mu[525],71.387,1.702,68.131,74.465,0.019,0.027,7701.0,3254.0,1.0
mu[526],61.221,1.682,57.785,64.082,0.019,0.027,7926.0,3155.0,1.0
mu[527],64.238,1.608,61.256,67.261,0.017,0.026,9284.0,2924.0,1.0
mu[528],62.179,1.579,59.19,65.073,0.018,0.024,7303.0,3239.0,1.0
mu[529],69.328,1.673,66.236,72.467,0.021,0.026,6388.0,3375.0,1.0
mu[530],59.162,1.655,55.958,62.129,0.021,0.025,6413.0,3324.0,1.0
mu[531],73.793,1.688,70.548,76.877,0.019,0.028,7681.0,3058.0,1.0
mu[532],63.627,1.663,60.504,66.72,0.019,0.027,8005.0,3195.0,1.0
mu[533],66.644,1.59,63.525,69.494,0.017,0.027,9293.0,2952.0,1.0
mu[534],66.883,1.602,63.831,69.8,0.016,0.029,9855.0,3000.0,1.0
mu[535],63.866,1.683,60.682,66.979,0.019,0.029,8252.0,2974.0,1.0
mu[536],74.032,1.708,70.904,77.266,0.019,0.029,8208.0,2980.0,1.0
mu[537],73.607,1.66,70.643,76.886,0.019,0.026,7531.0,2842.0,1.0
mu[538],63.441,1.632,60.257,66.381,0.018,0.026,7825.0,3341.0,1.0
mu[539],66.458,1.565,63.444,69.29,0.016,0.025,9391.0,3345.0,1.0
mu[540],75.051,1.701,71.931,78.312,0.02,0.029,6908.0,3184.0,1.0
mu[541],65.147,1.623,62.257,68.424,0.018,0.03,7664.0,2842.0,1.0
mu[542],68.624,1.671,65.507,71.803,0.02,0.031,6838.0,3079.0,1.0
mu[543],72.992,1.687,69.908,76.218,0.023,0.029,5374.0,3327.0,1.0
mu[544],63.088,1.609,60.212,66.374,0.022,0.028,5276.0,3189.0,1.0
mu[545],66.565,1.659,63.312,69.704,0.023,0.029,5089.0,3013.0,1.0
mu[546],71.03,1.679,67.645,74.006,0.02,0.031,6952.0,3008.0,1.0
mu[547],67.553,1.63,64.476,70.648,0.019,0.03,7123.0,2805.0,1.0
mu[548],77.457,1.713,74.126,80.547,0.022,0.03,6268.0,2865.0,1.0
mu[549],77.696,1.697,74.519,80.872,0.021,0.031,6679.0,2828.0,1.0
mu[550],67.792,1.614,64.7,70.79,0.019,0.03,7195.0,2768.0,1.0
mu[551],71.269,1.667,68.016,74.4,0.02,0.031,6855.0,2871.0,1.0
mu[552],77.271,1.677,74.114,80.422,0.021,0.028,6284.0,3130.0,1.0
mu[553],70.844,1.635,67.735,73.941,0.02,0.029,6447.0,3081.0,1.0
mu[554],67.367,1.589,64.313,70.21,0.019,0.028,6836.0,2952.0,1.0
mu[555],61.647,1.674,58.296,64.687,0.02,0.03,7056.0,3194.0,1.0
mu[556],71.813,1.687,68.711,75.051,0.019,0.029,7803.0,3134.0,1.0
mu[557],64.664,1.615,61.629,67.689,0.018,0.029,8033.0,2996.0,1.0
mu[558],59.588,1.66,56.435,62.69,0.023,0.028,5212.0,2796.0,1.0
mu[559],62.604,1.6,59.719,65.786,0.022,0.028,5457.0,3237.0,1.0
mu[560],69.754,1.671,66.622,72.785,0.023,0.028,5503.0,2933.0,1.0
mu[561],67.069,1.623,64.001,70.099,0.019,0.03,7040.0,2846.0,1.0
mu[562],64.053,1.679,60.945,67.32,0.02,0.031,6777.0,2873.0,1.0
mu[563],74.219,1.697,71.02,77.414,0.02,0.031,7150.0,2956.0,1.0
mu[564],64.292,1.674,61.312,67.529,0.02,0.031,7050.0,2891.0,1.0
mu[565],67.308,1.608,64.19,70.191,0.019,0.03,7528.0,2760.0,1.0
mu[566],74.458,1.692,71.539,77.884,0.019,0.032,7592.0,3005.0,1.0
mu[567],74.033,1.654,71.001,77.211,0.02,0.027,6843.0,3311.0,1.0
mu[568],63.867,1.633,60.794,66.949,0.02,0.028,6548.0,2920.0,1.0
mu[569],66.884,1.582,63.781,69.66,0.019,0.028,7058.0,2931.0,1.0
mu[570],66.556,1.593,63.704,69.565,0.018,0.027,7613.0,3157.0,1.0
mu[571],76.46,1.665,73.368,79.529,0.02,0.026,7069.0,3354.0,1.0
mu[572],70.033,1.646,67.057,73.201,0.019,0.026,7232.0,3510.0,1.0
mu[573],67.974,1.664,64.835,71.032,0.022,0.026,5806.0,3235.0,1.0
mu[574],64.497,1.61,61.677,67.67,0.021,0.026,6050.0,3161.0,1.0
mu[575],74.401,1.68,71.279,77.526,0.022,0.026,5876.0,3473.0,1.0
mu[576],68.962,1.602,66.09,71.978,0.018,0.025,7674.0,2939.0,1.0
mu[577],78.866,1.679,75.555,81.796,0.02,0.025,7088.0,3727.0,1.0
mu[578],72.439,1.656,69.354,75.524,0.019,0.025,7373.0,3164.0,1.0
mu[579],69.201,1.606,66.172,72.167,0.018,0.027,8236.0,3026.0,1.0
mu[580],72.678,1.664,69.646,75.89,0.019,0.027,7829.0,3318.0,1.0
mu[581],79.105,1.682,76.119,82.336,0.019,0.026,7686.0,3304.0,1.0
mu[582],68.776,1.597,65.574,71.507,0.018,0.026,7705.0,3385.0,1.0
mu[583],78.68,1.676,75.615,81.882,0.02,0.026,7048.0,3333.0,1.0
mu[584],72.253,1.646,69.242,75.287,0.019,0.026,7320.0,3565.0,1.0
mu[585],66.072,1.581,63.045,68.948,0.018,0.027,7780.0,3241.0,1.0
mu[586],73.222,1.646,70.126,76.298,0.019,0.027,7649.0,3388.0,1.0
mu[587],63.056,1.642,59.707,65.902,0.02,0.027,7020.0,3296.0,1.0
mu[588],64.013,1.597,61.039,66.969,0.02,0.026,6156.0,2966.0,1.0
mu[589],60.997,1.658,57.919,64.122,0.022,0.027,5628.0,3043.0,1.0
mu[590],71.163,1.66,68.088,74.265,0.021,0.026,6078.0,3349.0,1.0
mu[591],75.628,1.658,72.475,78.669,0.019,0.025,7600.0,3361.0,1.0
mu[592],68.478,1.59,65.578,71.467,0.018,0.025,7765.0,3141.0,1.0
mu[593],65.462,1.649,62.33,68.462,0.02,0.026,7021.0,3346.0,1.0
mu[594],75.867,1.673,72.669,78.843,0.018,0.027,8187.0,3252.0,1.0
mu[595],68.717,1.596,65.617,71.498,0.017,0.027,8435.0,2776.0,1.0
mu[596],65.701,1.664,62.514,68.736,0.019,0.028,7417.0,2976.0,1.0
mu[597],75.442,1.649,72.501,78.684,0.019,0.027,7399.0,3035.0,1.0
mu[598],65.276,1.637,62.093,68.246,0.02,0.028,6899.0,3128.0,1.0
mu[599],68.292,1.585,65.338,71.193,0.018,0.027,7766.0,2980.0,1.0
mu[600],63.122,1.647,60.08,66.203,0.02,0.029,6781.0,2951.0,1.0
mu[601],66.785,1.76,63.319,70.036,0.023,0.03,5993.0,3092.0,1.0
mu[602],66.877,1.603,63.816,69.814,0.019,0.029,6843.0,2706.0,1.0
mu[603],61.063,1.67,58.055,64.238,0.023,0.026,5430.0,2952.0,1.0
mu[604],64.726,1.78,61.519,68.187,0.025,0.028,5031.0,3009.0,1.0
mu[605],64.818,1.626,61.849,67.941,0.022,0.027,5365.0,2760.0,1.0
mu[606],69.283,1.614,65.981,72.071,0.02,0.027,6640.0,3130.0,1.0
mu[607],65.528,1.654,62.524,68.667,0.02,0.027,6790.0,3211.0,1.0
mu[608],69.191,1.754,65.979,72.512,0.022,0.029,6150.0,2942.0,1.0
mu[609],65.767,1.632,62.705,68.773,0.02,0.025,6717.0,3021.0,1.0
mu[610],69.43,1.762,66.087,72.687,0.023,0.027,5989.0,3188.0,1.0
mu[611],69.522,1.594,66.425,72.325,0.019,0.026,6854.0,3036.0,1.0
mu[612],65.342,1.678,62.233,68.497,0.02,0.029,6866.0,2894.0,1.0
mu[613],69.005,1.777,65.663,72.344,0.023,0.031,5963.0,2969.0,1.0
mu[614],69.097,1.635,65.818,71.985,0.02,0.03,6826.0,2837.0,1.0
mu[615],69.462,1.591,66.359,72.331,0.019,0.029,7102.0,2444.0,1.0
mu[616],70.466,1.604,67.48,73.582,0.019,0.029,6821.0,2445.0,1.0
mu[617],68.453,1.617,65.534,71.605,0.02,0.029,6752.0,2575.0,1.0
mu[618],67.403,1.616,64.507,70.513,0.022,0.026,5499.0,2542.0,1.0
mu[619],66.393,1.642,63.432,69.491,0.022,0.027,5373.0,2565.0,1.0
mu[620],68.407,1.628,65.421,71.45,0.022,0.027,5394.0,2769.0,1.0
mu[621],72.872,1.614,69.948,76.039,0.019,0.029,6915.0,2687.0,1.0
mu[622],71.868,1.602,68.983,75.009,0.019,0.028,7129.0,2920.0,1.0
mu[623],70.859,1.628,67.92,74.003,0.02,0.029,6930.0,2903.0,1.0
mu[624],73.111,1.604,70.206,76.162,0.019,0.027,6888.0,3264.0,1.0
mu[625],71.098,1.614,68.048,74.094,0.02,0.027,6829.0,3109.0,1.0
mu[626],72.107,1.582,69.252,75.111,0.019,0.027,7090.0,2953.0,1.0
mu[627],70.673,1.64,67.557,73.7,0.02,0.029,6819.0,2957.0,1.0
mu[628],72.686,1.629,69.785,75.933,0.02,0.03,6840.0,2936.0,1.0
mu[629],71.682,1.622,68.58,74.58,0.019,0.029,7069.0,2891.0,1.0
mu[630],57.393,1.627,54.331,60.451,0.019,0.032,7443.0,2604.0,1.0
mu[631],57.301,1.755,54.111,60.617,0.02,0.031,7369.0,3299.0,1.0
mu[632],53.638,1.677,50.42,56.808,0.02,0.031,7062.0,2495.0,1.0
mu[633],55.242,1.775,51.925,58.572,0.023,0.028,6004.0,3198.0,1.0
mu[634],55.334,1.65,52.366,58.606,0.022,0.029,5784.0,2692.0,1.0
mu[635],51.579,1.7,48.404,54.765,0.022,0.03,5842.0,2676.0,1.0
mu[636],56.044,1.709,52.821,59.202,0.021,0.032,6773.0,2648.0,1.0
mu[637],59.707,1.773,56.543,63.231,0.021,0.03,7036.0,3096.0,1.0
mu[638],59.799,1.663,56.778,63.067,0.02,0.031,6856.0,2776.0,1.0
mu[639],59.946,1.787,56.647,63.281,0.021,0.031,7136.0,3097.0,1.0
mu[640],60.038,1.651,56.922,63.026,0.019,0.03,7296.0,2544.0,1.0
mu[641],56.283,1.694,53.095,59.374,0.02,0.031,6811.0,2428.0,1.0
mu[642],59.613,1.671,56.4,62.558,0.02,0.031,6945.0,2465.0,1.0
mu[643],55.858,1.72,52.528,58.933,0.021,0.031,6958.0,2625.0,1.0
mu[644],59.521,1.784,56.19,62.951,0.021,0.03,6941.0,2848.0,1.0
mu[645],58.969,1.643,55.824,61.926,0.019,0.031,7385.0,2696.0,1.0
mu[646],59.978,1.612,57.029,63.039,0.018,0.031,8366.0,2581.0,1.0
mu[647],60.983,1.62,58.0,63.946,0.019,0.031,7630.0,2670.0,1.0
mu[648],56.91,1.668,53.823,60.01,0.022,0.029,5889.0,2658.0,1.0
mu[649],57.919,1.636,54.836,60.897,0.021,0.029,6327.0,2544.0,1.0
mu[650],58.923,1.644,55.919,62.01,0.021,0.029,6015.0,2629.0,1.0
mu[651],63.388,1.655,60.323,66.506,0.019,0.03,7490.0,2693.0,1.0
mu[652],61.375,1.679,58.14,64.402,0.02,0.031,7281.0,2572.0,1.0
mu[653],62.384,1.648,59.18,65.28,0.019,0.031,7729.0,2663.0,1.0
mu[654],61.614,1.672,58.575,64.791,0.019,0.03,7406.0,2638.0,1.0
mu[655],62.623,1.635,59.523,65.586,0.018,0.03,8106.0,2552.0,1.0
mu[656],63.627,1.652,60.613,66.719,0.019,0.03,7724.0,2476.0,1.0
mu[657],61.189,1.679,57.961,64.099,0.02,0.029,7091.0,2388.0,1.0
mu[658],62.198,1.655,59.167,65.247,0.019,0.03,7743.0,2574.0,1.0
mu[659],63.203,1.657,60.128,66.23,0.019,0.03,7267.0,2282.0,1.0
mu[660],55.416,1.646,52.305,58.475,0.019,0.025,7613.0,3295.0,1.0
mu[661],59.171,1.612,56.082,62.148,0.018,0.025,7694.0,3222.0,1.0
mu[662],59.079,1.795,55.81,62.55,0.021,0.027,7522.0,2958.0,1.0
mu[663],57.112,1.615,53.841,60.046,0.022,0.025,5533.0,3278.0,1.0
mu[664],57.019,1.797,53.602,60.335,0.024,0.027,5814.0,3369.0,1.0
mu[665],53.357,1.65,50.149,56.414,0.022,0.026,5635.0,3256.0,1.0
mu[666],57.822,1.644,54.686,60.83,0.019,0.026,7629.0,3125.0,1.0
mu[667],61.485,1.781,58.233,64.831,0.02,0.027,7801.0,3452.0,1.0
mu[668],61.577,1.614,58.511,64.566,0.018,0.026,7677.0,3322.0,1.0
mu[669],61.724,1.805,58.499,65.347,0.021,0.029,7580.0,3211.0,1.0
mu[670],61.816,1.612,58.935,65.126,0.018,0.026,7705.0,3122.0,1.0
mu[671],58.061,1.64,55.002,61.178,0.019,0.026,7600.0,3107.0,1.0
mu[672],61.391,1.591,58.38,64.41,0.018,0.026,7834.0,3105.0,1.0
mu[673],57.636,1.626,54.76,60.928,0.018,0.026,7864.0,3202.0,1.0
mu[674],61.299,1.764,57.956,64.585,0.02,0.028,7557.0,3276.0,1.0
mu[675],62.76,1.643,59.656,65.735,0.019,0.026,7895.0,3368.0,1.0
mu[676],61.756,1.614,58.737,64.749,0.018,0.025,8264.0,3273.0,1.0
mu[677],60.746,1.656,57.716,63.891,0.019,0.026,7404.0,3397.0,1.0
mu[678],60.701,1.647,57.634,63.825,0.022,0.026,5621.0,3223.0,1.0
mu[679],58.687,1.661,55.509,61.825,0.023,0.026,5398.0,3180.0,1.0
mu[680],59.697,1.618,56.814,62.977,0.021,0.026,5850.0,3235.0,1.0
mu[681],65.166,1.644,61.959,68.126,0.018,0.027,8058.0,3251.0,1.0
mu[682],63.152,1.658,60.145,66.343,0.019,0.026,7554.0,3254.0,1.0
mu[683],64.162,1.616,61.203,67.242,0.018,0.026,8425.0,3252.0,1.0
mu[684],64.401,1.614,61.34,67.384,0.018,0.026,8346.0,2915.0,1.0
mu[685],63.391,1.662,60.353,66.636,0.019,0.027,7425.0,3086.0,1.0
mu[686],65.405,1.651,62.365,68.633,0.019,0.027,7959.0,2941.0,1.0
mu[687],63.976,1.592,60.968,67.049,0.018,0.027,8278.0,2998.0,1.0
mu[688],62.966,1.628,59.913,66.118,0.019,0.027,7294.0,3209.0,1.0
mu[689],64.98,1.615,61.864,68.018,0.018,0.027,7754.0,3028.0,1.0
mu[690],62.964,1.637,59.906,66.103,0.019,0.027,7681.0,2992.0,1.0
mu[691],66.627,1.782,63.314,69.914,0.021,0.028,6945.0,3163.0,1.0
mu[692],66.719,1.598,63.771,69.771,0.018,0.027,7742.0,2825.0,1.0
mu[693],64.567,1.782,61.285,67.992,0.024,0.027,5595.0,3280.0,1.0
mu[694],60.905,1.639,57.827,63.969,0.021,0.026,5864.0,3187.0,1.0
mu[695],64.66,1.599,61.731,67.742,0.021,0.025,5671.0,2945.0,1.0
mu[696],69.033,1.745,65.68,72.216,0.02,0.028,7373.0,2777.0,1.0
mu[697],69.125,1.574,66.205,72.153,0.018,0.027,7410.0,2826.0,1.0
mu[698],65.37,1.611,62.506,68.672,0.019,0.027,7496.0,2875.0,1.0
mu[699],65.609,1.646,62.607,68.743,0.019,0.029,7581.0,3094.0,1.0
mu[700],69.364,1.612,66.318,72.37,0.019,0.028,7467.0,3121.0,1.0
mu[701],69.272,1.805,66.191,72.989,0.021,0.029,7328.0,2928.0,1.0
mu[702],68.847,1.778,65.671,72.307,0.022,0.027,6746.0,3132.0,1.0
mu[703],68.939,1.607,65.83,71.825,0.019,0.027,6931.0,3078.0,1.0
mu[704],65.184,1.646,62.142,68.328,0.019,0.028,7216.0,3122.0,1.0
mu[705],70.308,1.62,67.316,73.271,0.019,0.027,7073.0,2840.0,1.0
mu[706],69.304,1.587,66.305,72.162,0.018,0.027,7983.0,3023.0,1.0
mu[707],68.294,1.635,65.34,71.366,0.02,0.027,6867.0,2853.0,1.0
mu[708],66.235,1.637,63.354,69.481,0.022,0.026,5506.0,3024.0,1.0
mu[709],67.245,1.589,64.226,70.159,0.021,0.025,5910.0,3423.0,1.0
mu[710],68.249,1.621,65.424,71.464,0.022,0.026,5634.0,3164.0,1.0
mu[711],70.7,1.611,67.428,73.484,0.019,0.027,7289.0,2934.0,1.0
mu[712],72.714,1.595,69.721,75.703,0.018,0.027,7540.0,3017.0,1.0
mu[713],71.71,1.563,68.874,74.683,0.017,0.026,7991.0,3278.0,1.0
mu[714],72.953,1.642,69.991,76.07,0.019,0.028,7861.0,2982.0,1.0
mu[715],71.949,1.601,68.969,74.951,0.018,0.028,7949.0,3084.0,1.0
mu[716],70.939,1.654,67.789,73.943,0.019,0.028,7479.0,2990.0,1.0
mu[717],70.515,1.635,67.578,73.749,0.02,0.027,6514.0,2910.0,1.0
mu[718],72.528,1.621,69.371,75.468,0.02,0.027,6559.0,3062.0,1.0
mu[719],71.524,1.595,68.561,74.535,0.019,0.027,7359.0,3146.0,1.0
mu[720],45.137,1.691,41.866,48.202,0.019,0.026,7549.0,3526.0,1.0
mu[721],48.892,1.65,45.759,51.971,0.019,0.026,7788.0,3415.0,1.0
mu[722],48.8,1.821,45.238,52.066,0.021,0.03,7237.0,3431.0,1.0
mu[723],46.74,1.818,43.449,50.269,0.024,0.029,5714.0,3212.0,1.0
mu[724],46.832,1.649,43.826,49.925,0.022,0.024,5624.0,3350.0,1.0
mu[725],43.078,1.69,39.951,46.161,0.022,0.024,5725.0,3054.0,1.0
mu[726],47.543,1.698,44.304,50.665,0.02,0.024,7227.0,3443.0,1.0
mu[727],51.205,1.815,47.816,54.56,0.022,0.029,7101.0,3096.0,1.0
mu[728],51.298,1.661,48.251,54.494,0.02,0.025,7222.0,3243.0,1.0
mu[729],51.445,1.832,48.119,55.041,0.022,0.032,7063.0,3187.0,1.0
mu[730],51.537,1.652,48.605,54.769,0.019,0.026,7546.0,3103.0,1.0
mu[731],47.782,1.687,44.553,50.849,0.02,0.026,7307.0,3135.0,1.0
mu[732],51.02,1.812,47.419,54.261,0.022,0.03,6968.0,3314.0,1.0
mu[733],47.357,1.694,44.013,50.357,0.02,0.026,7373.0,3204.0,1.0
mu[734],51.112,1.653,48.056,54.256,0.019,0.026,7585.0,3197.0,1.0
mu[735],50.467,1.677,47.371,53.65,0.019,0.026,7737.0,3270.0,1.0
mu[736],51.477,1.634,48.548,54.738,0.018,0.027,8162.0,3127.0,1.0
mu[737],52.481,1.662,49.345,55.531,0.019,0.027,8026.0,3251.0,1.0
mu[738],50.422,1.661,47.507,53.683,0.022,0.024,5704.0,3410.0,1.0
mu[739],49.417,1.633,46.424,52.492,0.021,0.024,5893.0,3382.0,1.0
mu[740],48.408,1.677,45.408,51.7,0.022,0.024,5624.0,3320.0,1.0
mu[741],54.887,1.672,51.707,57.938,0.019,0.026,7739.0,3386.0,1.0
mu[742],53.883,1.644,50.83,57.004,0.018,0.025,7902.0,3408.0,1.0
mu[743],52.873,1.687,49.78,56.046,0.019,0.026,7555.0,3332.0,1.0
mu[744],55.126,1.672,52.076,58.365,0.019,0.027,7850.0,3176.0,1.0
mu[745],54.122,1.635,51.064,57.221,0.018,0.027,7935.0,3057.0,1.0
mu[746],53.112,1.684,49.94,56.312,0.019,0.026,7565.0,3528.0,1.0
mu[747],53.697,1.635,50.577,56.722,0.018,0.025,7840.0,3237.0,1.0
mu[748],52.687,1.672,49.599,55.97,0.019,0.025,7690.0,3375.0,1.0
mu[749],54.701,1.658,51.506,57.729,0.019,0.026,7731.0,3089.0,1.0
mu[750],66.638,1.611,63.589,69.681,0.019,0.027,7490.0,2723.0,1.0
mu[751],66.546,1.779,63.026,69.644,0.022,0.034,6590.0,2919.0,1.0
mu[752],62.883,1.659,59.777,66.035,0.02,0.028,7076.0,2967.0,1.0
mu[753],64.487,1.778,60.985,67.59,0.024,0.032,5360.0,2744.0,1.0
mu[754],64.579,1.612,61.627,67.728,0.021,0.027,5801.0,2749.0,1.0
mu[755],60.824,1.66,57.681,63.979,0.022,0.028,5639.0,2754.0,1.0
mu[756],68.952,1.761,65.671,72.353,0.022,0.031,6666.0,3211.0,1.0
mu[757],65.289,1.654,62.206,68.423,0.02,0.027,7072.0,2979.0,1.0
mu[758],69.044,1.61,66.039,72.097,0.019,0.027,7468.0,3151.0,1.0
mu[759],69.283,1.604,66.276,72.318,0.019,0.027,7454.0,2728.0,1.0
mu[760],65.528,1.646,62.39,68.571,0.02,0.028,6963.0,2757.0,1.0
mu[761],69.191,1.782,65.917,72.529,0.022,0.032,6655.0,2739.0,1.0
mu[762],65.103,1.64,62.136,68.263,0.019,0.028,7261.0,2847.0,1.0
mu[763],68.766,1.748,65.298,71.783,0.022,0.034,6589.0,2850.0,1.0
mu[764],68.858,1.591,65.952,71.947,0.018,0.027,7580.0,2843.0,1.0
mu[765],68.214,1.635,65.112,71.297,0.019,0.027,7329.0,3078.0,1.0
mu[766],69.223,1.586,66.294,72.286,0.018,0.027,7475.0,2931.0,1.0
mu[767],70.228,1.615,67.042,73.163,0.019,0.028,7615.0,3017.0,1.0
mu[768],68.168,1.616,65.21,71.26,0.021,0.028,5757.0,2852.0,1.0
mu[769],67.164,1.588,64.17,70.184,0.021,0.027,5742.0,2731.0,1.0
mu[770],66.155,1.637,63.035,69.141,0.022,0.027,5624.0,2794.0,1.0
mu[771],72.633,1.613,69.624,75.63,0.018,0.027,7710.0,2975.0,1.0
mu[772],70.62,1.634,67.559,73.646,0.019,0.027,7438.0,3038.0,1.0
mu[773],71.629,1.585,68.613,74.589,0.018,0.026,7593.0,3172.0,1.0
mu[774],70.859,1.634,67.694,73.831,0.019,0.027,7272.0,3075.0,1.0
mu[775],71.868,1.579,68.681,74.692,0.018,0.026,7505.0,2912.0,1.0
mu[776],72.872,1.616,69.721,75.821,0.019,0.027,7554.0,2960.0,1.0
mu[777],71.443,1.565,68.545,74.422,0.018,0.027,7658.0,3070.0,1.0
mu[778],72.448,1.588,69.425,75.383,0.018,0.028,7606.0,3169.0,1.0
mu[779],70.434,1.608,67.31,73.299,0.019,0.027,7362.0,3079.0,1.0
mu[780],53.895,1.589,50.989,56.892,0.017,0.027,8463.0,2877.0,1.0
mu[781],53.803,1.733,50.792,57.249,0.02,0.029,7159.0,2769.0,1.0
mu[782],50.14,1.642,47.117,53.24,0.019,0.028,7752.0,3001.0,1.0
mu[783],51.835,1.587,48.672,54.64,0.021,0.025,5794.0,2854.0,1.0
mu[784],48.081,1.64,44.802,50.954,0.022,0.026,5619.0,3046.0,1.0
mu[785],51.743,1.73,48.616,55.147,0.023,0.026,5441.0,3227.0,1.0
mu[786],56.301,1.569,53.414,59.328,0.017,0.025,8285.0,3133.0,1.0
mu[787],52.546,1.619,49.433,55.492,0.019,0.026,7602.0,3483.0,1.0
mu[788],56.208,1.699,52.881,59.287,0.02,0.027,7279.0,3489.0,1.0
mu[789],56.54,1.584,53.693,59.548,0.017,0.027,8413.0,3111.0,1.0
mu[790],56.448,1.738,53.104,59.651,0.021,0.028,7152.0,3204.0,1.0
mu[791],52.785,1.63,49.708,55.673,0.019,0.027,7651.0,3152.0,1.0
mu[792],52.36,1.637,49.235,55.339,0.018,0.029,7850.0,2869.0,1.0
mu[793],56.023,1.715,52.938,59.346,0.02,0.027,7168.0,3153.0,1.0
mu[794],56.115,1.584,53.337,59.266,0.017,0.027,8492.0,3084.0,1.0
mu[795],57.484,1.587,54.64,60.609,0.016,0.027,9302.0,2981.0,1.0
mu[796],55.47,1.61,52.643,58.7,0.017,0.027,8726.0,3112.0,1.0
mu[797],56.48,1.582,53.518,59.433,0.017,0.027,9170.0,2682.0,1.0
mu[798],53.411,1.609,50.327,56.313,0.021,0.024,6015.0,3193.0,1.0
mu[799],55.425,1.586,52.475,58.364,0.02,0.024,6212.0,3187.0,1.0
mu[800],54.421,1.581,51.472,57.383,0.02,0.024,6137.0,3269.0,1.0
mu[801],58.886,1.562,56.004,61.897,0.016,0.025,9218.0,3340.0,1.0
mu[802],57.876,1.591,54.735,60.745,0.017,0.025,8639.0,3182.0,1.0
mu[803],59.89,1.567,56.717,62.634,0.016,0.025,9151.0,3333.0,1.0
mu[804],60.129,1.59,57.178,63.104,0.016,0.026,9645.0,3347.0,1.0
mu[805],59.125,1.576,56.161,61.971,0.016,0.026,9277.0,3426.0,1.0
mu[806],58.115,1.61,55.106,61.183,0.017,0.026,9139.0,3434.0,1.0
mu[807],57.69,1.596,54.67,60.743,0.017,0.026,8980.0,3199.0,1.0
mu[808],59.704,1.575,56.802,62.74,0.016,0.025,9282.0,3282.0,1.0
mu[809],58.7,1.575,55.849,61.742,0.016,0.026,9267.0,3240.0,1.0
mu[810],54.486,1.647,51.36,57.575,0.019,0.029,7777.0,3049.0,1.0
mu[811],58.149,1.765,54.952,61.528,0.022,0.031,6740.0,2956.0,1.0
mu[812],58.241,1.595,55.347,61.369,0.018,0.028,7919.0,2973.0,1.0
mu[813],56.182,1.578,53.318,59.202,0.021,0.026,5700.0,2978.0,1.0
mu[814],52.427,1.631,49.415,55.488,0.022,0.027,5528.0,3089.0,1.0
mu[815],56.09,1.749,52.823,59.306,0.024,0.027,5410.0,3088.0,1.0
mu[816],56.892,1.632,53.801,59.901,0.02,0.026,6743.0,2902.0,1.0
mu[817],60.555,1.739,57.257,63.651,0.021,0.028,6821.0,3096.0,1.0
mu[818],60.647,1.583,57.61,63.465,0.019,0.025,7124.0,3064.0,1.0
mu[819],57.131,1.598,54.088,60.009,0.019,0.025,6880.0,3302.0,1.0
mu[820],60.794,1.735,57.448,63.939,0.021,0.027,6889.0,3326.0,1.0
mu[821],60.886,1.551,57.89,63.63,0.018,0.025,7400.0,3413.0,1.0
mu[822],60.461,1.584,57.625,63.472,0.018,0.027,7576.0,2844.0,1.0
mu[823],60.369,1.743,57.35,63.951,0.02,0.031,7356.0,3101.0,1.0
mu[824],56.707,1.637,53.779,59.792,0.019,0.028,7395.0,2866.0,1.0
mu[825],61.831,1.596,58.794,64.825,0.017,0.029,8660.0,2766.0,1.0
mu[826],59.817,1.614,56.964,63.047,0.017,0.029,8544.0,2822.0,1.0
mu[827],60.826,1.583,57.915,63.919,0.017,0.028,8507.0,2783.0,1.0
mu[828],59.771,1.58,56.965,62.799,0.021,0.025,5904.0,3263.0,1.0
mu[829],57.758,1.599,54.89,60.822,0.021,0.026,5645.0,3100.0,1.0
mu[830],58.767,1.567,55.833,61.698,0.02,0.025,5887.0,3148.0,1.0
mu[831],64.236,1.584,61.325,67.152,0.018,0.026,7912.0,2943.0,1.0
mu[832],63.232,1.571,60.199,66.013,0.018,0.026,7627.0,2743.0,1.0
mu[833],62.223,1.603,59.357,65.259,0.018,0.027,7447.0,2733.0,1.0
mu[834],63.471,1.537,60.566,66.316,0.018,0.025,7456.0,3257.0,1.0
mu[835],62.462,1.576,59.575,65.419,0.018,0.027,7436.0,3001.0,1.0
mu[836],64.475,1.56,61.543,67.396,0.017,0.026,8001.0,3188.0,1.0
mu[837],62.037,1.595,59.157,65.135,0.018,0.028,7733.0,2955.0,1.0
mu[838],63.046,1.571,60.174,66.016,0.017,0.027,8606.0,2909.0,1.0
mu[839],64.051,1.578,61.127,66.977,0.018,0.028,8034.0,2979.0,1.0
mu[840],68.0,1.644,65.027,71.169,0.02,0.025,6983.0,3516.0,1.0
mu[841],71.663,1.751,68.258,74.787,0.021,0.027,6801.0,3317.0,1.0
mu[842],71.755,1.603,68.801,74.803,0.019,0.024,7421.0,3236.0,1.0
mu[843],65.941,1.643,62.914,69.078,0.021,0.024,6049.0,3462.0,1.0
mu[844],69.696,1.602,66.774,72.781,0.02,0.023,6102.0,3175.0,1.0
mu[845],69.604,1.749,66.141,72.642,0.023,0.027,5871.0,3143.0,1.0
mu[846],70.406,1.652,67.167,73.409,0.02,0.026,6964.0,3403.0,1.0
mu[847],74.069,1.746,70.934,77.522,0.021,0.029,6998.0,3208.0,1.0
mu[848],74.161,1.615,71.105,77.2,0.019,0.025,7386.0,3038.0,1.0
mu[849],70.645,1.629,67.721,73.871,0.019,0.026,7177.0,3218.0,1.0
mu[850],74.308,1.753,70.849,77.506,0.021,0.029,6971.0,3369.0,1.0
mu[851],74.4,1.594,71.29,77.354,0.018,0.025,7710.0,3242.0,1.0
mu[852],70.22,1.651,67.171,73.22,0.019,0.026,7422.0,3300.0,1.0
mu[853],73.883,1.745,70.662,77.08,0.021,0.028,7076.0,3223.0,1.0
mu[854],73.975,1.61,70.974,76.946,0.018,0.024,7789.0,2975.0,1.0
mu[855],75.345,1.622,72.118,78.25,0.018,0.025,8224.0,3070.0,1.0
mu[856],73.331,1.642,70.475,76.698,0.018,0.026,7894.0,2995.0,1.0
mu[857],74.34,1.608,71.435,77.447,0.018,0.025,8283.0,3200.0,1.0
mu[858],73.285,1.621,70.252,76.329,0.02,0.024,6643.0,3487.0,1.0
mu[859],71.272,1.643,68.198,74.365,0.021,0.024,6355.0,3520.0,1.0
mu[860],72.281,1.608,69.399,75.394,0.02,0.024,6614.0,3466.0,1.0
mu[861],77.75,1.633,74.619,80.737,0.018,0.026,8300.0,3313.0,1.0
mu[862],75.737,1.654,72.608,78.766,0.018,0.025,8026.0,3310.0,1.0
mu[863],76.746,1.62,73.859,79.891,0.018,0.026,8458.0,3283.0,1.0
mu[864],77.989,1.621,74.926,81.065,0.018,0.027,8434.0,3202.0,1.0
mu[865],75.976,1.639,72.946,79.172,0.018,0.027,8078.0,3217.0,1.0
mu[866],76.985,1.599,73.887,79.925,0.017,0.026,8675.0,3217.0,1.0
mu[867],75.551,1.641,72.535,78.674,0.018,0.025,7869.0,3424.0,1.0
mu[868],76.56,1.614,73.497,79.448,0.017,0.025,8898.0,2900.0,1.0
mu[869],77.565,1.622,74.56,80.59,0.018,0.025,8316.0,3366.0,1.0
mu[870],62.925,1.63,59.888,66.005,0.018,0.029,8217.0,3006.0,1.0
mu[871],59.17,1.671,56.169,62.362,0.019,0.03,7934.0,2801.0,1.0
mu[872],62.833,1.771,59.461,66.051,0.021,0.028,6820.0,2966.0,1.0
mu[873],60.774,1.765,57.538,64.16,0.024,0.025,5391.0,3238.0,1.0
mu[874],57.111,1.665,53.91,60.094,0.022,0.026,5947.0,2894.0,1.0
mu[875],60.866,1.624,57.798,63.852,0.021,0.026,6013.0,2829.0,1.0
mu[876],65.239,1.768,61.932,68.524,0.022,0.028,6675.0,3134.0,1.0
mu[877],61.576,1.681,58.555,64.978,0.019,0.029,7473.0,2998.0,1.0
mu[878],65.331,1.644,62.3,68.522,0.019,0.028,7617.0,3133.0,1.0
mu[879],65.478,1.768,62.034,68.761,0.022,0.027,6368.0,3274.0,1.0
mu[880],65.57,1.616,62.595,68.666,0.019,0.028,7375.0,3033.0,1.0
mu[881],61.815,1.651,58.853,64.986,0.019,0.028,7236.0,3113.0,1.0
mu[882],65.053,1.76,61.731,68.27,0.022,0.027,6369.0,3478.0,1.0
mu[883],61.39,1.672,58.393,64.615,0.02,0.028,7365.0,3103.0,1.0
mu[884],65.145,1.631,62.097,68.208,0.019,0.027,7406.0,2999.0,1.0
mu[885],66.514,1.632,63.606,69.78,0.018,0.028,8468.0,2892.0,1.0
mu[886],65.51,1.611,62.47,68.526,0.017,0.029,8517.0,3052.0,1.0
mu[887],64.501,1.648,61.231,67.459,0.018,0.029,7985.0,2774.0,1.0
mu[888],62.441,1.644,59.448,65.559,0.021,0.025,5957.0,3088.0,1.0
mu[889],63.451,1.606,60.57,66.604,0.021,0.025,6150.0,2847.0,1.0
mu[890],64.455,1.627,61.296,67.352,0.021,0.025,6076.0,2966.0,1.0
mu[891],67.916,1.625,64.726,70.874,0.018,0.027,8135.0,3130.0,1.0
mu[892],66.907,1.662,63.576,69.823,0.019,0.027,7956.0,3275.0,1.0
mu[893],68.92,1.645,65.698,71.847,0.018,0.027,8061.0,3235.0,1.0
mu[894],69.159,1.626,66.265,72.337,0.019,0.026,7703.0,3295.0,1.0
mu[895],68.155,1.596,65.292,71.223,0.018,0.026,7759.0,2969.0,1.0
mu[896],67.146,1.64,64.112,70.234,0.019,0.026,7564.0,3199.0,1.0
mu[897],66.721,1.642,63.866,69.995,0.019,0.025,7244.0,3070.0,1.0
mu[898],68.734,1.626,65.673,71.776,0.019,0.026,7407.0,3231.0,1.0
mu[899],67.73,1.611,64.764,70.8,0.018,0.026,7771.0,3086.0,1.0
mu[900],61.778,1.58,58.761,64.757,0.019,0.027,7285.0,2933.0,1.0
mu[901],61.686,1.737,58.695,65.07,0.021,0.029,6899.0,3244.0,1.0
mu[902],58.023,1.625,54.925,61.012,0.019,0.028,7128.0,2979.0,1.0
mu[903],59.627,1.708,56.432,62.719,0.024,0.027,5120.0,3081.0,1.0
mu[904],59.719,1.549,56.957,62.747,0.02,0.025,5786.0,2979.0,1.0
mu[905],55.964,1.596,53.068,58.963,0.021,0.026,5614.0,3055.0,1.0
mu[906],64.184,1.571,61.307,67.17,0.018,0.026,7838.0,3078.0,1.0
mu[907],64.092,1.713,61.043,67.447,0.021,0.029,6937.0,3292.0,1.0
mu[908],60.429,1.613,57.523,63.47,0.018,0.026,7437.0,3035.0,1.0
mu[909],64.331,1.751,61.171,67.633,0.022,0.03,6591.0,3012.0,1.0
mu[910],60.668,1.622,57.593,63.63,0.019,0.028,7304.0,3057.0,1.0
mu[911],64.423,1.583,61.465,67.394,0.018,0.027,7413.0,3026.0,1.0
mu[912],60.243,1.606,57.279,63.237,0.019,0.026,7395.0,3152.0,1.0
mu[913],63.998,1.56,61.108,66.96,0.018,0.025,7277.0,3402.0,1.0
mu[914],63.906,1.707,60.682,66.927,0.021,0.028,6402.0,3305.0,1.0
mu[915],64.363,1.575,61.307,67.204,0.018,0.027,7784.0,2745.0,1.0
mu[916],65.367,1.593,62.425,68.426,0.019,0.028,7345.0,2691.0,1.0
mu[917],63.354,1.614,60.404,66.503,0.019,0.028,7012.0,2764.0,1.0
mu[918],61.294,1.586,58.157,64.085,0.022,0.026,5405.0,2581.0,1.0
mu[919],62.304,1.545,59.492,65.192,0.02,0.026,6087.0,2699.0,1.0
mu[920],63.308,1.563,60.593,66.41,0.021,0.026,5586.0,2650.0,1.0
mu[921],66.769,1.565,63.981,69.756,0.017,0.027,8948.0,3118.0,1.0
mu[922],67.773,1.583,64.58,70.548,0.018,0.027,7652.0,2857.0,1.0
mu[923],65.759,1.605,62.577,68.625,0.019,0.027,7297.0,2876.0,1.0
mu[924],65.999,1.623,62.79,68.846,0.019,0.027,7137.0,3165.0,1.0
mu[925],67.008,1.578,64.15,69.949,0.018,0.028,8015.0,3232.0,1.0
mu[926],68.012,1.605,64.973,70.965,0.018,0.027,7518.0,3133.0,1.0
mu[927],67.587,1.566,64.652,70.505,0.018,0.025,7214.0,3143.0,1.0
mu[928],66.583,1.554,63.817,69.586,0.017,0.026,7905.0,3152.0,1.0
mu[929],65.574,1.587,62.542,68.455,0.019,0.025,6914.0,3157.0,1.0
mu[930],59.014,1.666,55.983,62.151,0.02,0.028,7187.0,2851.0,1.0
mu[931],62.676,1.79,59.384,66.002,0.022,0.03,6570.0,2642.0,1.0
mu[932],62.769,1.62,59.694,65.729,0.019,0.028,7113.0,2671.0,1.0
mu[933],60.617,1.787,57.324,63.928,0.023,0.029,5799.0,2939.0,1.0
mu[934],56.955,1.664,53.901,60.06,0.021,0.026,6072.0,2881.0,1.0
mu[935],60.709,1.617,57.612,63.632,0.021,0.025,6007.0,3011.0,1.0
mu[936],65.174,1.595,62.029,67.984,0.019,0.027,6823.0,2787.0,1.0
mu[937],61.42,1.639,58.145,64.317,0.02,0.027,6894.0,2548.0,1.0
mu[938],65.082,1.753,61.827,68.354,0.022,0.03,6503.0,3264.0,1.0
mu[939],65.413,1.61,62.386,68.351,0.019,0.026,7287.0,3095.0,1.0
mu[940],65.321,1.792,61.983,68.615,0.022,0.03,6724.0,3131.0,1.0
mu[941],61.659,1.651,58.52,64.756,0.019,0.026,7337.0,3273.0,1.0
mu[942],64.896,1.79,61.428,68.099,0.022,0.031,6895.0,2982.0,1.0
mu[943],61.234,1.678,58.254,64.432,0.02,0.027,7463.0,3108.0,1.0
mu[944],64.989,1.632,62.022,68.026,0.019,0.027,7617.0,2898.0,1.0
mu[945],65.354,1.627,62.275,68.425,0.019,0.029,7537.0,2591.0,1.0
mu[946],64.344,1.664,61.116,67.344,0.02,0.029,7123.0,2621.0,1.0
mu[947],66.358,1.642,63.219,69.374,0.019,0.029,7244.0,2468.0,1.0
mu[948],62.285,1.663,59.232,65.432,0.022,0.026,5950.0,2910.0,1.0
mu[949],64.299,1.64,61.246,67.394,0.021,0.027,6048.0,2912.0,1.0
mu[950],63.294,1.625,60.372,66.442,0.02,0.026,6257.0,3063.0,1.0
mu[951],68.764,1.617,65.841,71.885,0.019,0.029,7123.0,2848.0,1.0
mu[952],66.75,1.64,63.546,69.654,0.02,0.029,6969.0,2750.0,1.0
mu[953],67.759,1.602,64.669,70.625,0.019,0.028,7314.0,2788.0,1.0
mu[954],69.003,1.641,66.143,72.16,0.019,0.026,7444.0,2487.0,1.0
mu[955],67.998,1.617,65.039,70.98,0.018,0.026,7796.0,2886.0,1.0
mu[956],66.989,1.66,64.038,70.11,0.019,0.026,7336.0,2796.0,1.0
mu[957],67.574,1.638,64.757,70.835,0.018,0.027,7943.0,2943.0,1.0
mu[958],66.564,1.668,63.51,69.654,0.019,0.027,7518.0,2849.0,1.0
mu[959],68.578,1.648,65.644,71.706,0.019,0.028,7713.0,2810.0,1.0
mu[960],61.886,1.624,58.862,64.949,0.018,0.026,7890.0,3216.0,1.0
mu[961],58.131,1.673,55.002,61.319,0.019,0.027,7687.0,3244.0,1.0
mu[962],61.794,1.774,58.56,65.197,0.022,0.028,6674.0,3142.0,1.0
mu[963],56.072,1.688,52.812,59.186,0.021,0.026,6385.0,3243.0,1.0
mu[964],59.827,1.639,56.625,62.706,0.021,0.025,5858.0,3361.0,1.0
mu[965],59.735,1.786,56.266,62.892,0.024,0.028,5456.0,3187.0,1.0
mu[966],64.2,1.762,60.987,67.617,0.021,0.029,6973.0,3211.0,1.0
mu[967],60.537,1.675,57.41,63.672,0.019,0.028,7900.0,3074.0,1.0
mu[968],64.292,1.628,61.16,67.286,0.018,0.027,8163.0,3129.0,1.0
mu[969],64.439,1.79,61.215,67.876,0.021,0.03,7110.0,3297.0,1.0
mu[970],64.531,1.631,61.523,67.642,0.018,0.026,8457.0,3418.0,1.0
mu[971],60.776,1.675,57.569,63.846,0.019,0.026,8174.0,3353.0,1.0
mu[972],64.106,1.621,61.19,67.226,0.019,0.026,7651.0,2987.0,1.0
mu[973],60.351,1.671,57.231,63.456,0.019,0.027,7558.0,3158.0,1.0
mu[974],64.014,1.759,60.623,67.22,0.022,0.029,6691.0,2999.0,1.0
mu[975],64.471,1.623,61.519,67.594,0.017,0.026,8945.0,3110.0,1.0
mu[976],63.462,1.67,60.285,66.588,0.019,0.027,7623.0,3050.0,1.0
mu[977],65.475,1.641,62.473,68.667,0.019,0.027,7597.0,3111.0,1.0
mu[978],62.412,1.639,59.179,65.246,0.021,0.025,6254.0,3290.0,1.0
mu[979],63.416,1.656,60.448,66.569,0.022,0.026,5714.0,3166.0,1.0
mu[980],61.402,1.686,58.232,64.5,0.022,0.026,5739.0,3057.0,1.0
mu[981],67.881,1.644,64.922,71.089,0.018,0.028,7889.0,3102.0,1.0
mu[982],66.877,1.628,63.871,69.968,0.017,0.028,9218.0,3242.0,1.0
mu[983],65.868,1.675,62.801,69.076,0.019,0.029,7950.0,3317.0,1.0
mu[984],66.107,1.683,63.014,69.343,0.019,0.028,8169.0,3252.0,1.0
mu[985],67.116,1.63,64.121,70.132,0.017,0.026,9535.0,3299.0,1.0
mu[986],68.12,1.656,64.94,71.151,0.018,0.027,8133.0,3388.0,1.0
mu[987],66.691,1.619,63.765,69.751,0.017,0.026,8745.0,2942.0,1.0
mu[988],67.695,1.63,64.683,70.79,0.019,0.028,7276.0,2980.0,1.0
mu[989],65.682,1.659,62.645,68.904,0.02,0.029,7204.0,2842.0,1.0
mu[990],57.513,1.609,54.492,60.427,0.018,0.028,7579.0,3093.0,1.01
mu[991],57.421,1.773,54.253,60.825,0.022,0.027,6649.0,3341.0,1.0
mu[992],53.758,1.654,50.656,56.79,0.019,0.027,7455.0,3413.0,1.0
mu[993],51.699,1.651,48.608,54.786,0.021,0.025,6299.0,3264.0,1.0
mu[994],55.454,1.605,52.447,58.473,0.021,0.026,5806.0,3075.0,1.0
mu[995],55.362,1.768,52.29,58.854,0.024,0.026,5526.0,3486.0,1.0
mu[996],59.919,1.599,56.799,62.785,0.019,0.029,7441.0,2958.0,1.0
mu[997],59.827,1.749,56.422,62.944,0.022,0.027,6609.0,3319.0,1.0
mu[998],56.164,1.642,53.151,59.326,0.019,0.028,7692.0,3220.0,1.0
mu[999],56.403,1.67,53.195,59.519,0.019,0.027,7813.0,3275.0,1.0
mu[1000],60.158,1.631,57.161,63.275,0.018,0.027,7995.0,3302.0,1.0
mu[1001],60.066,1.804,56.718,63.384,0.021,0.028,6828.0,3346.0,1.0
mu[1002],59.641,1.768,56.25,62.761,0.021,0.027,6842.0,3511.0,1.0
mu[1003],55.978,1.662,52.877,59.046,0.019,0.028,7909.0,2966.0,1.0
mu[1004],59.733,1.617,56.632,62.605,0.018,0.028,7759.0,2620.0,1.0
mu[1005],60.098,1.598,57.254,63.197,0.018,0.027,7929.0,2905.0,1.0
mu[1006],59.089,1.626,56.17,62.283,0.019,0.028,7038.0,2629.0,1.0
mu[1007],61.102,1.613,57.914,63.934,0.019,0.027,7120.0,2366.0,1.0
mu[1008],57.029,1.624,54.052,60.169,0.022,0.026,5495.0,2726.0,1.0
mu[1009],58.039,1.596,55.053,61.101,0.02,0.025,6225.0,3174.0,1.0
mu[1010],59.043,1.609,55.943,62.025,0.022,0.026,5531.0,2732.0,1.0
mu[1011],63.508,1.603,60.548,66.551,0.019,0.029,6940.0,2715.0,1.0
mu[1012],61.494,1.618,58.428,64.516,0.019,0.029,7044.0,2688.0,1.0
mu[1013],62.504,1.589,59.59,65.605,0.018,0.028,7738.0,2909.0,1.0
mu[1014],61.733,1.655,58.765,64.932,0.019,0.029,7526.0,2484.0,1.0
mu[1015],62.743,1.621,59.79,65.874,0.018,0.027,8387.0,3010.0,1.0
mu[1016],63.747,1.643,60.799,66.941,0.019,0.028,7591.0,2668.0,1.0
mu[1017],61.309,1.627,58.239,64.361,0.019,0.027,7525.0,2672.0,1.0
mu[1018],63.322,1.614,60.237,66.265,0.019,0.027,7552.0,2600.0,1.0
mu[1019],62.318,1.606,59.369,65.331,0.018,0.027,8397.0,2565.0,1.0
mu[1020],59.768,1.655,56.837,63.009,0.02,0.027,7040.0,2622.0,1.0
mu[1021],63.522,1.623,60.451,66.515,0.019,0.027,7360.0,2798.0,1.0
mu[1022],63.43,1.761,60.161,66.799,0.022,0.028,6520.0,2978.0,1.0
mu[1023],61.463,1.652,58.284,64.552,0.022,0.027,5770.0,2750.0,1.0
mu[1024],61.371,1.788,57.933,64.658,0.024,0.028,5519.0,3226.0,1.0
mu[1025],57.708,1.684,54.454,60.811,0.022,0.027,5833.0,2928.0,1.0
mu[1026],65.928,1.644,62.798,69.011,0.02,0.029,6870.0,2593.0,1.0
mu[1027],65.836,1.766,62.291,68.97,0.022,0.028,6515.0,3060.0,1.0
mu[1028],62.173,1.672,59.042,65.338,0.021,0.028,6658.0,2802.0,1.0
mu[1029],62.413,1.676,59.108,65.412,0.02,0.027,7007.0,2752.0,1.0
mu[1030],66.167,1.65,62.961,69.231,0.019,0.027,7311.0,3112.0,1.0
mu[1031],66.075,1.797,62.482,69.251,0.022,0.03,6874.0,2820.0,1.0
mu[1032],65.742,1.666,62.402,68.746,0.02,0.03,7086.0,2985.0,1.0
mu[1033],65.65,1.789,62.201,68.957,0.022,0.03,6564.0,3026.0,1.0
mu[1034],61.988,1.697,58.791,65.235,0.02,0.03,7188.0,3072.0,1.0
mu[1035],65.098,1.652,62.157,68.269,0.02,0.029,7083.0,2658.0,1.0
mu[1036],67.112,1.637,64.194,70.291,0.019,0.029,7134.0,3186.0,1.0
mu[1037],66.107,1.613,63.27,69.323,0.018,0.028,7849.0,2794.0,1.0
mu[1038],63.039,1.683,59.899,66.177,0.022,0.028,5750.0,3033.0,1.0
mu[1039],65.052,1.667,61.937,68.144,0.022,0.028,5787.0,3073.0,1.0
mu[1040],64.048,1.644,60.813,66.971,0.021,0.028,5994.0,3161.0,1.0
mu[1041],69.518,1.657,66.43,72.711,0.02,0.03,7082.0,2644.0,1.0
mu[1042],68.513,1.634,65.482,71.607,0.019,0.029,7507.0,2808.0,1.0
mu[1043],67.504,1.673,64.278,70.591,0.02,0.03,6899.0,2602.0,1.0
mu[1044],69.757,1.672,66.534,72.826,0.019,0.029,7365.0,2859.0,1.0
mu[1045],68.752,1.64,65.609,71.747,0.019,0.028,7759.0,3071.0,1.0
mu[1046],67.743,1.685,64.681,70.96,0.02,0.029,7158.0,2790.0,1.0
mu[1047],67.318,1.687,64.266,70.527,0.02,0.03,7135.0,2869.0,1.0
mu[1048],69.332,1.673,66.069,72.279,0.02,0.03,7084.0,2977.0,1.0
mu[1049],68.327,1.655,65.31,71.526,0.019,0.029,7519.0,2996.0,1.0
mu[1050],76.0,1.797,72.668,79.406,0.025,0.027,5356.0,2762.0,1.0
mu[1051],72.337,1.688,69.059,75.449,0.021,0.026,6704.0,3422.0,1.0
mu[1052],76.092,1.635,72.937,79.105,0.02,0.026,6722.0,3074.0,1.0
mu[1053],73.94,1.79,70.861,77.455,0.027,0.025,4542.0,3041.0,1.0
mu[1054],70.278,1.682,67.156,73.403,0.023,0.026,5324.0,3022.0,1.0
mu[1055],74.032,1.629,70.872,77.016,0.023,0.026,5117.0,3162.0,1.0
mu[1056],74.743,1.681,71.647,77.987,0.02,0.026,7206.0,3302.0,1.0
mu[1057],78.405,1.778,75.139,81.796,0.023,0.025,5843.0,3492.0,1.0
mu[1058],78.498,1.632,75.628,81.796,0.019,0.025,7060.0,3275.0,1.0
mu[1059],78.645,1.815,75.308,82.007,0.024,0.027,5886.0,3219.0,1.0
mu[1060],78.737,1.645,75.467,81.623,0.019,0.027,7180.0,3239.0,1.0
mu[1061],74.982,1.691,71.68,78.084,0.02,0.028,7386.0,3149.0,1.0
mu[1062],78.312,1.648,75.175,81.421,0.019,0.028,7526.0,2965.0,1.0
mu[1063],74.557,1.7,71.226,77.66,0.019,0.029,7946.0,2886.0,1.0
mu[1064],78.22,1.796,74.719,81.457,0.023,0.027,6122.0,3166.0,1.0
mu[1065],79.681,1.64,76.677,82.866,0.021,0.026,6250.0,2717.0,1.0
mu[1066],78.677,1.624,75.689,81.859,0.021,0.026,6259.0,3019.0,1.0
mu[1067],77.667,1.663,74.503,80.78,0.021,0.027,6085.0,2921.0,1.0
mu[1068],76.618,1.619,73.543,79.632,0.023,0.024,5033.0,3046.0,1.0
mu[1069],75.608,1.658,72.463,78.677,0.024,0.025,4803.0,2981.0,1.0
mu[1070],77.622,1.634,74.531,80.642,0.024,0.024,4797.0,2998.0,1.0
mu[1071],81.083,1.621,78.013,84.084,0.019,0.024,7130.0,3248.0,1.0
mu[1072],80.073,1.659,77.04,83.256,0.02,0.025,6731.0,3303.0,1.0
mu[1073],82.087,1.635,79.168,85.331,0.02,0.025,6731.0,3145.0,1.0
mu[1074],82.326,1.657,79.154,85.367,0.02,0.027,6796.0,2913.0,1.0
mu[1075],80.312,1.677,77.077,83.348,0.02,0.027,6734.0,3019.0,1.0
mu[1076],81.322,1.633,78.165,84.283,0.019,0.026,7218.0,3308.0,1.0
mu[1077],81.901,1.645,78.898,85.026,0.02,0.027,6907.0,3078.0,1.0
mu[1078],80.897,1.636,77.914,84.051,0.019,0.027,7818.0,2993.0,1.0
mu[1079],79.887,1.667,76.809,83.03,0.02,0.027,6742.0,2822.0,1.0
mu[1080],67.02,1.8,63.757,70.404,0.023,0.032,6401.0,3115.0,1.0
mu[1081],67.112,1.645,64.017,70.117,0.02,0.03,6626.0,2765.0,1.0
mu[1082],63.357,1.685,60.22,66.459,0.021,0.03,6445.0,2962.0,1.0
mu[1083],65.053,1.604,62.152,68.193,0.022,0.026,5366.0,2895.0,1.0
mu[1084],64.961,1.761,61.676,68.361,0.024,0.028,5285.0,3263.0,1.0
mu[1085],61.298,1.645,58.357,64.52,0.023,0.026,5244.0,2855.0,1.01
mu[1086],69.518,1.609,66.594,72.528,0.02,0.028,6363.0,3052.0,1.0
mu[1087],69.426,1.752,66.159,72.65,0.022,0.03,6268.0,2946.0,1.0
mu[1088],65.763,1.647,62.747,68.84,0.021,0.028,6150.0,3188.0,1.0
mu[1089],66.002,1.63,63.06,69.045,0.021,0.028,6300.0,3006.0,1.0
mu[1090],69.665,1.764,66.628,73.29,0.022,0.03,6264.0,3084.0,1.01
mu[1091],69.757,1.594,66.776,72.695,0.02,0.029,6572.0,2951.0,1.0
mu[1092],65.577,1.653,62.416,68.525,0.021,0.028,6312.0,2942.0,1.0
mu[1093],69.332,1.611,66.282,72.225,0.02,0.028,6378.0,2975.0,1.0
mu[1094],69.24,1.757,65.803,72.401,0.022,0.03,6227.0,3227.0,1.0
mu[1095],69.697,1.64,66.59,72.647,0.02,0.029,7071.0,3165.0,1.01
mu[1096],68.688,1.676,65.654,71.887,0.02,0.031,6829.0,2879.0,1.0
mu[1097],70.701,1.659,67.585,73.738,0.02,0.031,7102.0,3002.0,1.0
mu[1098],66.628,1.638,63.545,69.699,0.022,0.026,5438.0,3070.0,1.0
mu[1099],68.642,1.619,65.675,71.793,0.022,0.027,5563.0,2964.0,1.01
mu[1100],67.638,1.6,64.584,70.61,0.021,0.025,5595.0,3175.0,1.01
mu[1101],73.107,1.623,70.203,76.264,0.019,0.029,7137.0,2798.0,1.0
mu[1102],71.093,1.642,68.049,74.157,0.02,0.029,6811.0,2976.0,1.0
mu[1103],72.103,1.605,69.339,75.315,0.019,0.027,6960.0,3008.0,1.0
mu[1104],73.346,1.617,70.14,76.219,0.019,0.03,7159.0,2826.0,1.0
mu[1105],71.332,1.632,68.361,74.435,0.02,0.03,6880.0,2623.0,1.0
mu[1106],72.342,1.589,69.537,75.453,0.019,0.029,7108.0,2714.0,1.0
mu[1107],72.921,1.619,69.979,75.964,0.02,0.027,6853.0,3146.0,1.0
mu[1108],70.908,1.636,67.989,74.099,0.02,0.027,6673.0,2942.0,1.0
mu[1109],71.917,1.606,68.92,74.847,0.019,0.027,6961.0,3095.0,1.0
mu[1110],64.908,1.612,61.966,68.039,0.018,0.027,7577.0,3097.0,1.0
mu[1111],64.816,1.785,61.617,68.251,0.021,0.031,7481.0,2943.0,1.0
mu[1112],61.153,1.656,57.985,64.2,0.018,0.028,8050.0,3169.0,1.0
mu[1113],62.757,1.779,59.431,66.005,0.024,0.03,5553.0,2927.0,1.0
mu[1114],59.094,1.651,56.158,62.367,0.022,0.027,5767.0,3089.0,1.0
mu[1115],62.849,1.607,59.841,65.902,0.022,0.026,5485.0,2872.0,1.0
mu[1116],67.314,1.642,64.281,70.507,0.019,0.029,7443.0,3019.0,1.0
mu[1117],63.559,1.682,60.2,66.572,0.019,0.03,8002.0,2898.0,1.0
mu[1118],67.222,1.797,63.955,70.577,0.021,0.032,7554.0,3085.0,1.0
mu[1119],63.798,1.626,60.747,66.857,0.018,0.026,8032.0,2970.0,1.0
mu[1120],67.553,1.587,64.548,70.436,0.018,0.025,7697.0,2868.0,1.0
mu[1121],67.461,1.773,64.245,70.801,0.02,0.031,7525.0,3166.0,1.0
mu[1122],63.374,1.652,60.277,66.55,0.018,0.028,8015.0,3010.0,1.0
mu[1123],67.036,1.769,63.713,70.294,0.021,0.032,7273.0,3192.0,1.0
mu[1124],67.128,1.607,64.049,70.11,0.019,0.027,7331.0,3315.0,1.0
mu[1125],68.498,1.617,65.665,71.634,0.019,0.028,7224.0,2967.0,1.0
mu[1126],67.493,1.589,64.599,70.504,0.017,0.027,8379.0,2988.0,1.0
mu[1127],66.484,1.632,63.511,69.549,0.02,0.027,6930.0,3061.0,1.0
mu[1128],64.425,1.628,61.372,67.454,0.023,0.027,5080.0,2810.0,1.0
mu[1129],66.438,1.612,63.481,69.5,0.022,0.027,5200.0,2821.0,1.0
mu[1130],65.434,1.585,62.597,68.576,0.021,0.026,5833.0,3086.0,1.0
mu[1131],70.903,1.646,67.715,73.936,0.019,0.029,7213.0,2923.0,1.0
mu[1132],68.89,1.662,65.67,71.95,0.02,0.029,6979.0,2826.0,1.0
mu[1133],69.899,1.62,66.737,72.902,0.018,0.029,8356.0,2975.0,1.0
mu[1134],69.129,1.613,66.17,72.228,0.019,0.026,7149.0,3152.0,1.0
mu[1135],71.142,1.601,68.174,74.177,0.019,0.026,7463.0,3110.0,1.0
mu[1136],70.138,1.563,67.168,72.975,0.017,0.025,8793.0,3014.0,1.0
mu[1137],70.718,1.605,67.791,73.783,0.019,0.027,6841.0,3297.0,1.0
mu[1138],68.704,1.619,65.774,71.842,0.02,0.027,6629.0,3212.0,1.0
mu[1139],69.713,1.584,66.674,72.69,0.017,0.027,8145.0,3140.0,1.0
mu[1140],57.982,1.673,54.793,61.132,0.02,0.028,7260.0,2976.0,1.0
mu[1141],61.645,1.765,58.257,64.879,0.022,0.027,6395.0,3486.0,1.0
mu[1142],61.737,1.614,58.665,64.803,0.019,0.027,7561.0,2842.0,1.0
mu[1143],59.678,1.589,56.647,62.625,0.02,0.027,6094.0,2975.0,1.0
mu[1144],55.923,1.65,52.799,59.009,0.021,0.028,6023.0,3257.0,1.0
mu[1145],59.586,1.741,56.387,62.917,0.024,0.026,5450.0,3161.0,1.0
mu[1146],60.388,1.655,57.196,63.424,0.019,0.029,7460.0,2958.0,1.0
mu[1147],64.051,1.735,60.779,67.31,0.021,0.029,6652.0,3396.0,1.0
mu[1148],64.143,1.597,61.016,66.987,0.018,0.029,7803.0,2717.0,1.0
mu[1149],64.29,1.763,61.075,67.737,0.022,0.029,6332.0,3090.0,1.0
mu[1150],60.627,1.655,57.415,63.735,0.02,0.03,7157.0,2867.0,1.0
mu[1151],64.382,1.601,61.317,67.376,0.019,0.03,7484.0,3130.0,1.0
mu[1152],63.957,1.586,60.908,66.846,0.018,0.027,8054.0,3085.0,1.0
mu[1153],63.865,1.728,60.786,67.356,0.021,0.028,6650.0,3115.0,1.0
mu[1154],60.202,1.647,57.035,63.253,0.019,0.028,7796.0,3118.0,1.0
mu[1155],63.313,1.635,60.353,66.42,0.019,0.027,7613.0,3100.0,1.0
mu[1156],65.326,1.61,62.421,68.388,0.018,0.027,7921.0,3373.0,1.0
mu[1157],64.322,1.61,61.479,67.47,0.018,0.027,8065.0,3048.0,1.0
mu[1158],61.253,1.613,58.093,64.132,0.021,0.026,6033.0,3270.0,1.0
mu[1159],62.263,1.587,59.258,65.213,0.02,0.027,6411.0,3072.0,1.0
mu[1160],63.267,1.586,60.258,66.18,0.02,0.026,6196.0,3219.0,1.0
mu[1161],67.732,1.593,64.886,70.858,0.018,0.029,8188.0,2879.0,1.0
mu[1162],65.719,1.62,62.781,68.839,0.018,0.029,7931.0,3004.0,1.0
mu[1163],66.728,1.594,63.755,69.739,0.017,0.029,8518.0,2903.0,1.0
mu[1164],65.958,1.628,62.95,69.073,0.019,0.032,7540.0,2852.0,1.0
mu[1165],66.967,1.596,63.97,69.995,0.018,0.031,7975.0,2960.0,1.0
mu[1166],67.971,1.605,65.002,71.043,0.018,0.032,7836.0,2889.0,1.0
mu[1167],67.546,1.575,64.457,70.3,0.017,0.027,8380.0,3035.0,1.0
mu[1168],66.542,1.582,63.722,69.541,0.017,0.027,8727.0,2976.0,1.0
mu[1169],65.533,1.6,62.442,68.384,0.018,0.026,8057.0,3294.0,1.0
mu[1170],63.369,1.712,60.049,66.454,0.021,0.028,6977.0,3256.0,1.0
mu[1171],67.124,1.652,64.085,70.234,0.02,0.027,7048.0,3183.0,1.0
mu[1172],67.032,1.789,63.964,70.542,0.023,0.027,5874.0,3098.0,1.0
mu[1173],61.31,1.692,58.173,64.442,0.022,0.028,6021.0,3471.0,1.0
mu[1174],65.064,1.63,62.17,68.241,0.021,0.027,5957.0,3210.0,1.0
mu[1175],64.972,1.768,61.652,68.244,0.024,0.028,5286.0,3241.0,1.0
mu[1176],65.775,1.69,62.583,68.922,0.021,0.029,6751.0,3308.0,1.0
mu[1177],69.53,1.631,66.306,72.429,0.02,0.028,6799.0,3215.0,1.0
mu[1178],69.437,1.754,66.097,72.574,0.023,0.028,5696.0,3066.0,1.0
mu[1179],66.014,1.679,62.763,69.028,0.02,0.028,6902.0,3417.0,1.0
mu[1180],69.676,1.772,66.429,73.074,0.023,0.029,5907.0,3164.0,1.0
mu[1181],69.769,1.623,66.898,72.981,0.019,0.027,7012.0,3275.0,1.0
mu[1182],65.589,1.698,62.411,68.85,0.02,0.031,6981.0,3284.0,1.0
mu[1183],69.252,1.762,65.727,72.327,0.023,0.029,5900.0,3089.0,1.0
mu[1184],69.344,1.636,66.408,72.592,0.02,0.029,7001.0,3170.0,1.0
mu[1185],70.713,1.636,67.745,73.798,0.019,0.027,7270.0,2762.0,1.0
mu[1186],69.709,1.64,66.624,72.73,0.019,0.027,7593.0,3068.0,1.0
mu[1187],68.699,1.661,65.563,71.726,0.02,0.027,7220.0,3079.0,1.0
mu[1188],66.64,1.642,63.501,69.645,0.021,0.027,5983.0,3195.0,1.0
mu[1189],67.649,1.62,64.599,70.665,0.02,0.026,6318.0,3150.0,1.0
mu[1190],68.654,1.616,65.724,71.73,0.021,0.026,6004.0,3133.0,1.0
mu[1191],72.115,1.62,68.954,75.004,0.019,0.027,7472.0,3168.0,1.0
mu[1192],73.119,1.615,70.032,75.973,0.019,0.027,7172.0,2967.0,1.0
mu[1193],71.105,1.641,68.119,74.15,0.019,0.027,7166.0,3278.0,1.0
mu[1194],72.354,1.611,69.364,75.376,0.018,0.026,7638.0,2942.0,1.0
mu[1195],73.358,1.616,70.544,76.586,0.019,0.027,7288.0,3051.0,1.0
mu[1196],71.344,1.638,68.485,74.623,0.019,0.028,7210.0,3160.0,1.0
mu[1197],72.933,1.613,69.939,75.872,0.019,0.028,7120.0,3022.0,1.0
mu[1198],70.919,1.637,67.774,73.815,0.019,0.029,7097.0,2979.0,1.0
mu[1199],71.929,1.623,68.823,74.879,0.019,0.028,7626.0,2927.0,1.0
