artist,song,mix_id,institution_code,original_dataset_filename,original_mix_name,original_source_path,mapping_valid,mapping_notes
Broken Crank,Red To Blue,mix_5143d2ee3859,McG,McG-C.mp3,McG-C,C:\Users\oscar\OneDrive\Public share - Mix Eval Dataset\MixEvaluation\audio\RedToBlue\McG-C.mp3,true,derived from source_path basename
Broken Crank,Red To Blue,mix_5b76bf1a027d,McG,McG-H.mp3,McG-H,C:\Users\oscar\OneDrive\Public share - Mix Eval Dataset\MixEvaluation\audio\RedToBlue\McG-H.mp3,true,derived from source_path basename
Broken Crank,Red To Blue,mix_7ac13e0b6376,McG,McG-B.mp3,McG-B,C:\Users\oscar\OneDrive\Public share - Mix Eval Dataset\MixEvaluation\audio\RedToBlue\McG-B.mp3,true,derived from source_path basename
Broken Crank,Red To Blue,mix_808780e357c9,McG,McG-pro1.mp3,McG-pro1,C:\Users\oscar\OneDrive\Public share - Mix Eval Dataset\MixEvaluation\audio\RedToBlue\McG-pro1.mp3,true,derived from source_path basename
Broken Crank,Red To Blue,mix_8978729ff911,McG,McG-D.mp3,McG-D,C:\Users\oscar\OneDrive\Public share - Mix Eval Dataset\MixEvaluation\audio\RedToBlue\McG-D.mp3,true,derived from source_path basename
Broken Crank,Red To Blue,mix_906e7f7daf44,McG,McG-pro.mp3,McG-pro,C:\Users\oscar\OneDrive\Public share - Mix Eval Dataset\MixEvaluation\audio\RedToBlue\McG-pro.mp3,true,derived from source_path basename
Broken Crank,Red To Blue,mix_b4b312ffa4d6,McG,McG-G.mp3,McG-G,C:\Users\oscar\OneDrive\Public share - Mix Eval Dataset\MixEvaluation\audio\RedToBlue\McG-G.mp3,true,derived from source_path basename
Broken Crank,Red To Blue,mix_dcc6aef84d67,McG,McG-F.mp3,McG-F,C:\Users\oscar\OneDrive\Public share - Mix Eval Dataset\MixEvaluation\audio\RedToBlue\McG-F.mp3,true,derived from source_path basename
Broken Crank,Red To Blue,mix_e2654ec905ad,McG,McG-A.mp3,McG-A,C:\Users\oscar\OneDrive\Public share - Mix Eval Dataset\MixEvaluation\audio\RedToBlue\McG-A.mp3,true,derived from source_path basename
Broken Crank,Red To Blue,mix_f4f9bdec5b71,McG,McG-E.mp3,McG-E,C:\Users\oscar\OneDrive\Public share - Mix Eval Dataset\MixEvaluation\audio\RedToBlue\McG-E.mp3,true,derived from source_path basename
Fredy V,In The Meantime,mix_027ec3f8b8f1,McG,McG-pro.mp3,McG-pro,C:\Users\oscar\OneDrive\Public share - Mix Eval Dataset\MixEvaluation\audio\InTheMeantime\McG-pro.mp3,true,derived from source_path basename
Fredy V,In The Meantime,mix_13f0eed08780,QUT,QUT-A.mp3,QUT-A,C:\Users\oscar\OneDrive\Public share - Mix Eval Dataset\MixEvaluation\audio\InTheMeantime\QUT-A.mp3,true,derived from source_path basename
Fredy V,In The Meantime,mix_145577f61939,McG,McG-C.mp3,McG-C,C:\Users\oscar\OneDrive\Public share - Mix Eval Dataset\MixEvaluation\audio\InTheMeantime\McG-C.mp3,true,derived from source_path basename
Fredy V,In The Meantime,mix_20a1372ac49d,UCP,UCP-A2.mp3,UCP-A2,C:\Users\oscar\OneDrive\Public share - Mix Eval Dataset\MixEvaluation\audio\InTheMeantime\UCP-A2.mp3,true,derived from source_path basename
Fredy V,In The Meantime,mix_22efc79c8253,DU,DU-J.mp3,DU-J,C:\Users\oscar\OneDrive\Public share - Mix Eval Dataset\MixEvaluation\audio\InTheMeantime\DU-J.mp3,true,derived from source_path basename
Fredy V,In The Meantime,mix_29131e66c9d7,DU,DU-N.mp3,DU-N,C:\Users\oscar\OneDrive\Public share - Mix Eval Dataset\MixEvaluation\audio\InTheMeantime\DU-N.mp3,true,derived from source_path basename
Fredy V,In The Meantime,mix_2d589c003982,PXL,PXL-S2.mp3,PXL-S2,C:\Users\oscar\OneDrive\Public share - Mix Eval Dataset\MixEvaluation\audio\InTheMeantime\PXL-S2.mp3,true,derived from source_path basename
Fredy V,In The Meantime,mix_2eae3034bad8,PXL,PXL-S1.mp3,PXL-S1,C:\Users\oscar\OneDrive\Public share - Mix Eval Dataset\MixEvaluation\audio\InTheMeantime\PXL-S1.mp3,true,derived from source_path basename
Fredy V,In The Meantime,mix_2f518e7b8633,QUT,QUT-I.mp3,QUT-I,C:\Users\oscar\OneDrive\Public share - Mix Eval Dataset\MixEvaluation\audio\InTheMeantime\QUT-I.mp3,true,derived from source_path basename
Fredy V,In The Meantime,mix_302f0efe8a80,DU,DU-H.mp3,DU-H,C:\Users\oscar\OneDrive\Public share - Mix Eval Dataset\MixEvaluation\audio\InTheMeantime\DU-H.mp3,true,derived from source_path basename
Fredy V,In The Meantime,mix_3042da8a2eb5,UCP,UCP-A1.mp3,UCP-A1,C:\Users\oscar\OneDrive\Public share - Mix Eval Dataset\MixEvaluation\audio\InTheMeantime\UCP-A1.mp3,true,derived from source_path basename
Fredy V,In The Meantime,mix_526612c31256,PXL,PXL-S7.mp3,PXL-S7,C:\Users\oscar\OneDrive\Public share - Mix Eval Dataset\MixEvaluation\audio\InTheMeantime\PXL-S7.mp3,true,derived from source_path basename
Fredy V,In The Meantime,mix_5383540067d5,McG,McG-B.mp3,McG-B,C:\Users\oscar\OneDrive\Public share - Mix Eval Dataset\MixEvaluation\audio\InTheMeantime\McG-B.mp3,true,derived from source_path basename
Fredy V,In The Meantime,mix_54ac02ce9456,PXL,PXL-S5.mp3,PXL-S5,C:\Users\oscar\OneDrive\Public share - Mix Eval Dataset\MixEvaluation\audio\InTheMeantime\PXL-S5.mp3,true,derived from source_path basename
Fredy V,In The Meantime,mix_561c0e17caee,DU,DU-L.mp3,DU-L,C:\Users\oscar\OneDrive\Public share - Mix Eval Dataset\MixEvaluation\audio\InTheMeantime\DU-L.mp3,true,derived from source_path basename
Fredy V,In The Meantime,mix_56e65a3ce054,DU,DU-K.mp3,DU-K,C:\Users\oscar\OneDrive\Public share - Mix Eval Dataset\MixEvaluation\audio\InTheMeantime\DU-K.mp3,true,derived from source_path basename
Fredy V,In The Meantime,mix_67624d91340a,PXL,PXL-S4.mp3,PXL-S4,C:\Users\oscar\OneDrive\Public share - Mix Eval Dataset\MixEvaluation\audio\InTheMeantime\PXL-S4.mp3,true,derived from source_path basename
Fredy V,In The Meantime,mix_690c5c454a9f,McG,McG-pro2.mp3,McG-pro2,C:\Users\oscar\OneDrive\Public share - Mix Eval Dataset\MixEvaluation\audio\InTheMeantime\McG-pro2.mp3,true,derived from source_path basename
Fredy V,In The Meantime,mix_6cfa655049d5,DU,DU-M.mp3,DU-M,C:\Users\oscar\OneDrive\Public share - Mix Eval Dataset\MixEvaluation\audio\InTheMeantime\DU-M.mp3,true,derived from source_path basename
Fredy V,In The Meantime,mix_7a5719f17171,McG,McG-E.mp3,McG-E,C:\Users\oscar\OneDrive\Public share - Mix Eval Dataset\MixEvaluation\audio\InTheMeantime\McG-E.mp3,true,derived from source_path basename
Fredy V,In The Meantime,mix_8137541fd01f,PXL,PXL-S3.mp3,PXL-S3,C:\Users\oscar\OneDrive\Public share - Mix Eval Dataset\MixEvaluation\audio\InTheMeantime\PXL-S3.mp3,true,derived from source_path basename
Fredy V,In The Meantime,mix_8187ac605f62,QUT,QUT-J.mp3,QUT-J,C:\Users\oscar\OneDrive\Public share - Mix Eval Dataset\MixEvaluation\audio\InTheMeantime\QUT-J.mp3,true,derived from source_path basename
Fredy V,In The Meantime,mix_82d5489162f9,QUT,QUT-C.mp3,QUT-C,C:\Users\oscar\OneDrive\Public share - Mix Eval Dataset\MixEvaluation\audio\InTheMeantime\QUT-C.mp3,true,derived from source_path basename
Fredy V,In The Meantime,mix_8ffed8205048,McG,McG-A.mp3,McG-A,C:\Users\oscar\OneDrive\Public share - Mix Eval Dataset\MixEvaluation\audio\InTheMeantime\McG-A.mp3,true,derived from source_path basename
Fredy V,In The Meantime,mix_96c30e75e4a7,McG,McG-H.mp3,McG-H,C:\Users\oscar\OneDrive\Public share - Mix Eval Dataset\MixEvaluation\audio\InTheMeantime\McG-H.mp3,true,derived from source_path basename
Fredy V,In The Meantime,mix_9baa86357fd4,DU,DU-I.mp3,DU-I,C:\Users\oscar\OneDrive\Public share - Mix Eval Dataset\MixEvaluation\audio\InTheMeantime\DU-I.mp3,true,derived from source_path basename
Fredy V,In The Meantime,mix_a31f439e1e87,QUT,QUT-G.mp3,QUT-G,C:\Users\oscar\OneDrive\Public share - Mix Eval Dataset\MixEvaluation\audio\InTheMeantime\QUT-G.mp3,true,derived from source_path basename
Fredy V,In The Meantime,mix_c45aea9558f2,McG,McG-G.mp3,McG-G,C:\Users\oscar\OneDrive\Public share - Mix Eval Dataset\MixEvaluation\audio\InTheMeantime\McG-G.mp3,true,derived from source_path basename
Fredy V,In The Meantime,mix_c7bdcba64775,QUT,QUT-B.mp3,QUT-B,C:\Users\oscar\OneDrive\Public share - Mix Eval Dataset\MixEvaluation\audio\InTheMeantime\QUT-B.mp3,true,derived from source_path basename
Fredy V,In The Meantime,mix_cdaef40f2b94,QUT,QUT-pro.mp3,QUT-pro,C:\Users\oscar\OneDrive\Public share - Mix Eval Dataset\MixEvaluation\audio\InTheMeantime\QUT-pro.mp3,true,derived from source_path basename
Fredy V,In The Meantime,mix_ce153583405d,McG,McG-F.mp3,McG-F,C:\Users\oscar\OneDrive\Public share - Mix Eval Dataset\MixEvaluation\audio\InTheMeantime\McG-F.mp3,true,derived from source_path basename
Fredy V,In The Meantime,mix_d58db5dccea3,UCP,UCP-A3.mp3,UCP-A3,C:\Users\oscar\OneDrive\Public share - Mix Eval Dataset\MixEvaluation\audio\InTheMeantime\UCP-A3.mp3,true,derived from source_path basename
Fredy V,In The Meantime,mix_da9f94cae537,McG,McG-D.mp3,McG-D,C:\Users\oscar\OneDrive\Public share - Mix Eval Dataset\MixEvaluation\audio\InTheMeantime\McG-D.mp3,true,derived from source_path basename
Fredy V,In The Meantime,mix_e858d5cf22ea,UCP,UCP-A5.mp3,UCP-A5,C:\Users\oscar\OneDrive\Public share - Mix Eval Dataset\MixEvaluation\audio\InTheMeantime\UCP-A5.mp3,true,derived from source_path basename
Fredy V,In The Meantime,mix_efdedc0a36e7,UCP,UCP-A4.mp3,UCP-A4,C:\Users\oscar\OneDrive\Public share - Mix Eval Dataset\MixEvaluation\audio\InTheMeantime\UCP-A4.mp3,true,derived from source_path basename
Fredy V,In The Meantime,mix_f44b598b8cf8,PXL,PXL-S6.mp3,PXL-S6,C:\Users\oscar\OneDrive\Public share - Mix Eval Dataset\MixEvaluation\audio\InTheMeantime\PXL-S6.mp3,true,derived from source_path basename
The DoneFors,Lead Me,mix_0255886c8875,UCP,UCP-A5.mp3,UCP-A5,C:\Users\oscar\OneDrive\Public share - Mix Eval Dataset\MixEvaluation\audio\LeadMe\UCP-A5.mp3,true,derived from source_path basename
The DoneFors,Lead Me,mix_06852a8a8947,UCP,UCP-A3.mp3,UCP-A3,C:\Users\oscar\OneDrive\Public share - Mix Eval Dataset\MixEvaluation\audio\LeadMe\UCP-A3.mp3,true,derived from source_path basename
The DoneFors,Lead Me,mix_271852ba8676,DU,DU-E.mp3,DU-E,C:\Users\oscar\OneDrive\Public share - Mix Eval Dataset\MixEvaluation\audio\LeadMe\DU-E.mp3,true,derived from source_path basename
The DoneFors,Lead Me,mix_28932c4bb152,McG,McG-E.mp3,McG-E,C:\Users\oscar\OneDrive\Public share - Mix Eval Dataset\MixEvaluation\audio\LeadMe\McG-E.mp3,true,derived from source_path basename
The DoneFors,Lead Me,mix_345e90b3c215,QUT,QUT-E.mp3,QUT-E,C:\Users\oscar\OneDrive\Public share - Mix Eval Dataset\MixEvaluation\audio\LeadMe\QUT-E.mp3,true,derived from source_path basename
The DoneFors,Lead Me,mix_3a41a8db47bc,DU,DU-F.mp3,DU-F,C:\Users\oscar\OneDrive\Public share - Mix Eval Dataset\MixEvaluation\audio\LeadMe\DU-F.mp3,true,derived from source_path basename
The DoneFors,Lead Me,mix_3bc79ea82599,PXL,PXL-L3.mp3,PXL-L3,C:\Users\oscar\OneDrive\Public share - Mix Eval Dataset\MixEvaluation\audio\LeadMe\PXL-L3.mp3,true,derived from source_path basename
The DoneFors,Lead Me,mix_4181778a6cfd,McG,McG-D.mp3,McG-D,C:\Users\oscar\OneDrive\Public share - Mix Eval Dataset\MixEvaluation\audio\LeadMe\McG-D.mp3,true,derived from source_path basename
The DoneFors,Lead Me,mix_427e3b105a59,McG,McG-H.mp3,McG-H,C:\Users\oscar\OneDrive\Public share - Mix Eval Dataset\MixEvaluation\audio\LeadMe\McG-H.mp3,true,derived from source_path basename
The DoneFors,Lead Me,mix_4e2cf7c970a8,QUT,QUT-F.mp3,QUT-F,C:\Users\oscar\OneDrive\Public share - Mix Eval Dataset\MixEvaluation\audio\LeadMe\QUT-F.mp3,true,derived from source_path basename
The DoneFors,Lead Me,mix_542ca972e5f6,QUT,QUT-H.mp3,QUT-H,C:\Users\oscar\OneDrive\Public share - Mix Eval Dataset\MixEvaluation\audio\LeadMe\QUT-H.mp3,true,derived from source_path basename
The DoneFors,Lead Me,mix_5aa762fa5def,McG,McG-B.mp3,McG-B,C:\Users\oscar\OneDrive\Public share - Mix Eval Dataset\MixEvaluation\audio\LeadMe\McG-B.mp3,true,derived from source_path basename
The DoneFors,Lead Me,mix_5d42d0f1628e,UCP,UCP-A4.mp3,UCP-A4,C:\Users\oscar\OneDrive\Public share - Mix Eval Dataset\MixEvaluation\audio\LeadMe\UCP-A4.mp3,true,derived from source_path basename
The DoneFors,Lead Me,mix_5e09465de0ed,QUT,QUT-D.mp3,QUT-D,C:\Users\oscar\OneDrive\Public share - Mix Eval Dataset\MixEvaluation\audio\LeadMe\QUT-D.mp3,true,derived from source_path basename
The DoneFors,Lead Me,mix_7734100f29f3,CNS,CNS-B.mp3,CNS-B,C:\Users\oscar\OneDrive\Public share - Mix Eval Dataset\MixEvaluation\audio\LeadMe\CNS-B.mp3,true,derived from source_path basename
The DoneFors,Lead Me,mix_7b5a2d66116b,McG,McG-C.mp3,McG-C,C:\Users\oscar\OneDrive\Public share - Mix Eval Dataset\MixEvaluation\audio\LeadMe\McG-C.mp3,true,derived from source_path basename
The DoneFors,Lead Me,mix_7cdfb2503e88,DU,DU-B.mp3,DU-B,C:\Users\oscar\OneDrive\Public share - Mix Eval Dataset\MixEvaluation\audio\LeadMe\DU-B.mp3,true,derived from source_path basename
The DoneFors,Lead Me,mix_824f6c7e53d0,CNS,CNS-C.mp3,CNS-C,C:\Users\oscar\OneDrive\Public share - Mix Eval Dataset\MixEvaluation\audio\LeadMe\CNS-C.mp3,true,derived from source_path basename
The DoneFors,Lead Me,mix_8617440e42f5,CNS,CNS-A.mp3,CNS-A,C:\Users\oscar\OneDrive\Public share - Mix Eval Dataset\MixEvaluation\audio\LeadMe\CNS-A.mp3,true,derived from source_path basename
The DoneFors,Lead Me,mix_864280f1b98b,QUT,QUT-A.mp3,QUT-A,C:\Users\oscar\OneDrive\Public share - Mix Eval Dataset\MixEvaluation\audio\LeadMe\QUT-A.mp3,true,derived from source_path basename
The DoneFors,Lead Me,mix_8f1477339518,DU,DU-A.mp3,DU-A,C:\Users\oscar\OneDrive\Public share - Mix Eval Dataset\MixEvaluation\audio\LeadMe\DU-A.mp3,true,derived from source_path basename
The DoneFors,Lead Me,mix_92e2bdebe300,PXL,PXL-L2.mp3,PXL-L2,C:\Users\oscar\OneDrive\Public share - Mix Eval Dataset\MixEvaluation\audio\LeadMe\PXL-L2.mp3,true,derived from source_path basename
The DoneFors,Lead Me,mix_9346b5d4ade2,McG,McG-A.mp3,McG-A,C:\Users\oscar\OneDrive\Public share - Mix Eval Dataset\MixEvaluation\audio\LeadMe\McG-A.mp3,true,derived from source_path basename
The DoneFors,Lead Me,mix_a321c1267965,DU,DU-C.mp3,DU-C,C:\Users\oscar\OneDrive\Public share - Mix Eval Dataset\MixEvaluation\audio\LeadMe\DU-C.mp3,true,derived from source_path basename
The DoneFors,Lead Me,mix_a5df7e0b4222,UCP,UCP-A2.mp3,UCP-A2,C:\Users\oscar\OneDrive\Public share - Mix Eval Dataset\MixEvaluation\audio\LeadMe\UCP-A2.mp3,true,derived from source_path basename
The DoneFors,Lead Me,mix_b5102e72a550,CNS,CNS-5.mp3,CNS-5,C:\Users\oscar\OneDrive\Public share - Mix Eval Dataset\MixEvaluation\audio\LeadMe\CNS-5.mp3,true,derived from source_path basename
The DoneFors,Lead Me,mix_c7d9a071ba25,PXL,PXL-L4.mp3,PXL-L4,C:\Users\oscar\OneDrive\Public share - Mix Eval Dataset\MixEvaluation\audio\LeadMe\PXL-L4.mp3,true,derived from source_path basename
The DoneFors,Lead Me,mix_d2a4240adfd8,UCP,UCP-A1.mp3,UCP-A1,C:\Users\oscar\OneDrive\Public share - Mix Eval Dataset\MixEvaluation\audio\LeadMe\UCP-A1.mp3,true,derived from source_path basename
The DoneFors,Lead Me,mix_d2cf329ea054,QUT,QUT-pro.mp3,QUT-pro,C:\Users\oscar\OneDrive\Public share - Mix Eval Dataset\MixEvaluation\audio\LeadMe\QUT-pro.mp3,true,derived from source_path basename
The DoneFors,Lead Me,mix_d3e3580b6e30,McG,McG-pro2.mp3,McG-pro2,C:\Users\oscar\OneDrive\Public share - Mix Eval Dataset\MixEvaluation\audio\LeadMe\McG-pro2.mp3,true,derived from source_path basename
The DoneFors,Lead Me,mix_d5b28dfc8a93,PXL,PXL-L1.mp3,PXL-L1,C:\Users\oscar\OneDrive\Public share - Mix Eval Dataset\MixEvaluation\audio\LeadMe\PXL-L1.mp3,true,derived from source_path basename
The DoneFors,Lead Me,mix_e0abc393175b,McG,McG-G.mp3,McG-G,C:\Users\oscar\OneDrive\Public share - Mix Eval Dataset\MixEvaluation\audio\LeadMe\McG-G.mp3,true,derived from source_path basename
The DoneFors,Lead Me,mix_e245880b329a,McG,McG-F.mp3,McG-F,C:\Users\oscar\OneDrive\Public share - Mix Eval Dataset\MixEvaluation\audio\LeadMe\McG-F.mp3,true,derived from source_path basename
The DoneFors,Lead Me,mix_e81c71fd1462,CNS,CNS-D.mp3,CNS-D,C:\Users\oscar\OneDrive\Public share - Mix Eval Dataset\MixEvaluation\audio\LeadMe\CNS-D.mp3,true,derived from source_path basename
The DoneFors,Lead Me,mix_f1f7973e5bac,DU,DU-D.mp3,DU-D,C:\Users\oscar\OneDrive\Public share - Mix Eval Dataset\MixEvaluation\audio\LeadMe\DU-D.mp3,true,derived from source_path basename
The DoneFors,Lead Me,mix_f5d86db961c3,DU,DU-G.mp3,DU-G,C:\Users\oscar\OneDrive\Public share - Mix Eval Dataset\MixEvaluation\audio\LeadMe\DU-G.mp3,true,derived from source_path basename
The DoneFors,Lead Me,mix_fa064711a381,McG,McG-pro.mp3,McG-pro,C:\Users\oscar\OneDrive\Public share - Mix Eval Dataset\MixEvaluation\audio\LeadMe\McG-pro.mp3,true,derived from source_path basename
The DoneFors,Pouring Room,mix_0ba76f420c1d,McG,McG-R.mp3,McG-R,C:\Users\oscar\OneDrive\Public share - Mix Eval Dataset\MixEvaluation\audio\PouringRoom\McG-R.mp3,true,derived from source_path basename
The DoneFors,Pouring Room,mix_0ddb25d6180b,McG,McG-Q.mp3,McG-Q,C:\Users\oscar\OneDrive\Public share - Mix Eval Dataset\MixEvaluation\audio\PouringRoom\McG-Q.mp3,true,derived from source_path basename
The DoneFors,Pouring Room,mix_132e75f34470,McG,McG-pro1.mp3,McG-pro1,C:\Users\oscar\OneDrive\Public share - Mix Eval Dataset\MixEvaluation\audio\PouringRoom\McG-pro1.mp3,true,derived from source_path basename
The DoneFors,Pouring Room,mix_37681ed84b6b,McG,McG-U.mp3,McG-U,C:\Users\oscar\OneDrive\Public share - Mix Eval Dataset\MixEvaluation\audio\PouringRoom\McG-U.mp3,true,derived from source_path basename
The DoneFors,Pouring Room,mix_786fc67a9418,McG,McG-W.mp3,McG-W,C:\Users\oscar\OneDrive\Public share - Mix Eval Dataset\MixEvaluation\audio\PouringRoom\McG-W.mp3,true,derived from source_path basename
The DoneFors,Pouring Room,mix_9f79c0810c7e,McG,McG-pro.mp3,McG-pro,C:\Users\oscar\OneDrive\Public share - Mix Eval Dataset\MixEvaluation\audio\PouringRoom\McG-pro.mp3,true,derived from source_path basename
The DoneFors,Pouring Room,mix_be2ccd4c43ff,McG,McG-T.mp3,McG-T,C:\Users\oscar\OneDrive\Public share - Mix Eval Dataset\MixEvaluation\audio\PouringRoom\McG-T.mp3,true,derived from source_path basename
The DoneFors,Pouring Room,mix_cbf8555ee2b2,McG,McG-X.mp3,McG-X,C:\Users\oscar\OneDrive\Public share - Mix Eval Dataset\MixEvaluation\audio\PouringRoom\McG-X.mp3,true,derived from source_path basename
The DoneFors,Pouring Room,mix_e08faaf8bbb3,McG,McG-V.mp3,McG-V,C:\Users\oscar\OneDrive\Public share - Mix Eval Dataset\MixEvaluation\audio\PouringRoom\McG-V.mp3,true,derived from source_path basename
