relative_path,file_size_bytes,sha256
alignment_verification_booklet.pdf,4185031,5e70bc49892cb2588123bb12ca9beec961710381cfe36d86a291b190d4edeb3d
Backup_Candidates/Song_05_Vermont/Alignment_Figures/Similar Ratings/stacked_waveforms.png,177479,146ad3545a134d0a27a570c7fd942f656854207d34369072a11fadf37e062974
Backup_Candidates/Song_05_Vermont/Alignment_Figures/Similar Ratings/strongest_transient_zoom.png,263167,be150b132efd9e7586ed007aac91a8373a3f0f60a18c12dc53cc9255e855cf07
Backup_Candidates/Song_05_Vermont/Alignment_Figures/Wide Ratings/stacked_waveforms.png,172894,85ebbe20b1814706e02967f2c51fccd9403213925f64c967ea55b805751a1daf
Backup_Candidates/Song_05_Vermont/Alignment_Figures/Wide Ratings/strongest_transient_zoom.png,256199,03d74a6372b87c3411c0144f7e4b6a7f5327239a2a0f4e78c98557de923beda2
Backup_Candidates/Song_05_Vermont/Audio/Similar Ratings/DU-O2_28sec.wav,4939244,bad43cfeb6aa3521d092454ee0d93c51b9d6094f9114771e61a6ec38b042bd16
Backup_Candidates/Song_05_Vermont/Audio/Similar Ratings/DU-P2_28sec.wav,4939244,1bf5d2a166a695394c8e8c38635e0e84e7480449fee2631f6232d34b90a294a5
Backup_Candidates/Song_05_Vermont/Audio/Similar Ratings/PXL-L3_28sec.wav,4939244,fcdd4bc70acff002aa3d06620ad4f16bede82e04bc3d824cfd5880730f4b8d34
Backup_Candidates/Song_05_Vermont/Audio/Similar Ratings/RapidSwitch.wav,4939244,248eff224e5db79703430a13fb7b55316e21bf39a9956eb43673c8a716bac237
Backup_Candidates/Song_05_Vermont/Audio/Wide Ratings/PXL-L1_28sec.wav,4939244,1ee4d875c5055fd79e80a88811da3b81301b8fce4655d408bb75f5df1b84f511
Backup_Candidates/Song_05_Vermont/Audio/Wide Ratings/PXL-L4_28sec.wav,4939244,3ad878aeb4bef9e0412bbf431e01a933c26ccc0c85073b96b5cf860bfd07ddb5
Backup_Candidates/Song_05_Vermont/Audio/Wide Ratings/PXL-L5_28sec.wav,4939244,f0e6353ebe7bccf206e541161c1581bf8209d0218ce67144682a6aa4563d6561
Backup_Candidates/Song_05_Vermont/Audio/Wide Ratings/RapidSwitch.wav,4939244,7b0d8fe93f5649a18ffa85d4b46062a0526b61c84ecab4928e4b7b3af0dc08bd
Backup_Candidates/Song_05_Vermont/Mix_Pool/DU-O2_28sec.wav,4939244,bad43cfeb6aa3521d092454ee0d93c51b9d6094f9114771e61a6ec38b042bd16
Backup_Candidates/Song_05_Vermont/Mix_Pool/DU-P2_28sec.wav,4939244,1bf5d2a166a695394c8e8c38635e0e84e7480449fee2631f6232d34b90a294a5
Backup_Candidates/Song_05_Vermont/Mix_Pool/PXL-L1_28sec.wav,4939244,1ee4d875c5055fd79e80a88811da3b81301b8fce4655d408bb75f5df1b84f511
Backup_Candidates/Song_05_Vermont/Mix_Pool/PXL-L2_28sec.wav,4939244,8391307dedc427569d69d63ebc05cf368fd5a44e571063b1886f13849697446d
Backup_Candidates/Song_05_Vermont/Mix_Pool/PXL-L3_28sec.wav,4939244,fcdd4bc70acff002aa3d06620ad4f16bede82e04bc3d824cfd5880730f4b8d34
Backup_Candidates/Song_05_Vermont/Mix_Pool/PXL-L4_28sec.wav,4939244,3ad878aeb4bef9e0412bbf431e01a933c26ccc0c85073b96b5cf860bfd07ddb5
Backup_Candidates/Song_05_Vermont/Mix_Pool/PXL-L5_28sec.wav,4939244,f0e6353ebe7bccf206e541161c1581bf8209d0218ce67144682a6aa4563d6561
Backup_Candidates/Song_05_Vermont/SUMMARY.md,961,5ee3a4a6d428c9c3682f9eb6d17b0847be7bc986df0519ad7362427fe5d00002
Backup_Candidates/Song_06_Id_Like_To_Know/Alignment_Figures/Similar Ratings/stacked_waveforms.png,176965,75c85107cc3581c3a3b9478602f2d0ac9cc93d0d54800743e95cb8a9ca78a238
Backup_Candidates/Song_06_Id_Like_To_Know/Alignment_Figures/Wide Ratings/stacked_waveforms.png,182065,29de9ed96318740ca4da7c8a6b190499c17af65101b7c0f01d02435fbba949b2
Backup_Candidates/Song_06_Id_Like_To_Know/Audio/Similar Ratings/PXL-S1_28sec.wav,4939244,ff5f11e13ed2be2f22b5b7f348fd38f16ebc4580301b84ace675a059bda8730a
Backup_Candidates/Song_06_Id_Like_To_Know/Audio/Similar Ratings/PXL-S3_28sec.wav,4939244,90851081461aba233c967b4221d63041492551ae558e1aca109d556392d4a97a
Backup_Candidates/Song_06_Id_Like_To_Know/Audio/Similar Ratings/PXL-S5_28sec.wav,4939244,9983613f47e374e319bdc76922fed3ae2cb69613f5f4713e5423355a6baf3d9a
Backup_Candidates/Song_06_Id_Like_To_Know/Audio/Similar Ratings/RapidSwitch.wav,4939244,f856348352b08da1fad012eef994f7fffc9d06ff646617ff556a86068e0ee8ec
Backup_Candidates/Song_06_Id_Like_To_Know/Audio/Wide Ratings/PXL-S2_28sec.wav,4939244,550135e350cd698848864b350c20942065c4a744aca58d28bd5463a20af23f7b
Backup_Candidates/Song_06_Id_Like_To_Know/Audio/Wide Ratings/PXL-S6_28sec.wav,4939244,5fd3d33c8df88d9de4153175e12e7f24455283d2c261f71f0d197ae9c22d15e4
Backup_Candidates/Song_06_Id_Like_To_Know/Audio/Wide Ratings/PXL-S7_28sec.wav,4939244,4bd87ed0194f89d7c1a45a5fad216040d3350bc9aeec443c70d51f42385eef74
Backup_Candidates/Song_06_Id_Like_To_Know/Audio/Wide Ratings/RapidSwitch.wav,4939244,d14a28382719f27934f7986bbf1787698fcba949fcecc602aa221b65ff854481
Backup_Candidates/Song_06_Id_Like_To_Know/Mix_Pool/PXL-S1_28sec.wav,4939244,ff5f11e13ed2be2f22b5b7f348fd38f16ebc4580301b84ace675a059bda8730a
Backup_Candidates/Song_06_Id_Like_To_Know/Mix_Pool/PXL-S2_28sec.wav,4939244,550135e350cd698848864b350c20942065c4a744aca58d28bd5463a20af23f7b
Backup_Candidates/Song_06_Id_Like_To_Know/Mix_Pool/PXL-S3_28sec.wav,4939244,90851081461aba233c967b4221d63041492551ae558e1aca109d556392d4a97a
Backup_Candidates/Song_06_Id_Like_To_Know/Mix_Pool/PXL-S4_28sec.wav,4939244,2861929ca12817c3f1a955bcadc383494edec2fb9016c52303bbb4e757df9ac5
Backup_Candidates/Song_06_Id_Like_To_Know/Mix_Pool/PXL-S5_28sec.wav,4939244,9983613f47e374e319bdc76922fed3ae2cb69613f5f4713e5423355a6baf3d9a
Backup_Candidates/Song_06_Id_Like_To_Know/Mix_Pool/PXL-S6_28sec.wav,4939244,5fd3d33c8df88d9de4153175e12e7f24455283d2c261f71f0d197ae9c22d15e4
Backup_Candidates/Song_06_Id_Like_To_Know/Mix_Pool/PXL-S7_28sec.wav,4939244,4bd87ed0194f89d7c1a45a5fad216040d3350bc9aeec443c70d51f42385eef74
Backup_Candidates/Song_06_Id_Like_To_Know/SUMMARY.md,972,e84d1f467df8a7ba5fc034ffa42d9199ab7e66afa35372733b476a238d892408
Backup_Candidates/Song_07_New_Skin/Alignment_Figures/Similar Ratings/stacked_waveforms.png,175880,29c326fe482a2b9746f791d7786dd04895d0a9bb82b709fdc122303dfaeabc3e
Backup_Candidates/Song_07_New_Skin/Alignment_Figures/Similar Ratings/strongest_transient_zoom.png,281863,c370d549bd35327ff3164d95cfb6a130ebd1903fc390998abacda9b87e71d271
Backup_Candidates/Song_07_New_Skin/Alignment_Figures/Wide Ratings/stacked_waveforms.png,174517,d827d90e561b7ff9943c83687a58d534ffbdddcf50d89ac8c84f6e993dcd238c
Backup_Candidates/Song_07_New_Skin/Alignment_Figures/Wide Ratings/strongest_transient_zoom.png,321263,af331b1f0b7eeb9db387697c53f6e49fadd68ea9eb6b4aaaaea9bd5e65132e31
Backup_Candidates/Song_07_New_Skin/Audio/Similar Ratings/DU-O_28sec.wav,4939244,8073bd3a53645079fab94dd8f953384538b0bd3913be6f826bd252b10cbd0672
Backup_Candidates/Song_07_New_Skin/Audio/Similar Ratings/DU-Q_28sec.wav,4939244,6d6c5143dff6ad612a4c05724fda66cd3ab183973812d8f060f9367022d11f2f
Backup_Candidates/Song_07_New_Skin/Audio/Similar Ratings/DU-R_28sec.wav,4939244,caa4d2a46417ac7854836d7e68a5157bb96557fcf7860a284efb497ebfb3ac65
Backup_Candidates/Song_07_New_Skin/Audio/Similar Ratings/RapidSwitch.wav,4939244,ca1a6bed19462b5d02cb8b8d800205c96b03b8f1ffe64feeffde8a805dfc1261
Backup_Candidates/Song_07_New_Skin/Audio/Wide Ratings/DU-S_28sec.wav,4939244,fb1e8965afc61152380dd670bb11b514e5d1d3b2e538a084161b6e1bfd421d0f
Backup_Candidates/Song_07_New_Skin/Audio/Wide Ratings/DU-T_28sec.wav,4939244,5fcf61c6cdc6194440a3bf64c577a20c82fdc9d87ad9bb9c1eea5ba2ba4b641c
Backup_Candidates/Song_07_New_Skin/Audio/Wide Ratings/DU-U_28sec.wav,4939244,acbe886de8e5ec5608ed75ea0fdfb7e2a5ffcc279758dfe79418e4f2e49cd4e3
Backup_Candidates/Song_07_New_Skin/Audio/Wide Ratings/RapidSwitch.wav,4939244,834814d0fd4ddedacd372d5783e22e69a4c5fdd93c3089da107b64114892491b
Backup_Candidates/Song_07_New_Skin/Mix_Pool/DU-O_28sec.wav,4939244,8073bd3a53645079fab94dd8f953384538b0bd3913be6f826bd252b10cbd0672
Backup_Candidates/Song_07_New_Skin/Mix_Pool/DU-P_28sec.wav,4939244,6486e9ff008f5d29e11eaeea8584a8b8876142c199bf632cfde8a913c0625ce0
Backup_Candidates/Song_07_New_Skin/Mix_Pool/DU-Q_28sec.wav,4939244,6d6c5143dff6ad612a4c05724fda66cd3ab183973812d8f060f9367022d11f2f
Backup_Candidates/Song_07_New_Skin/Mix_Pool/DU-R_28sec.wav,4939244,caa4d2a46417ac7854836d7e68a5157bb96557fcf7860a284efb497ebfb3ac65
Backup_Candidates/Song_07_New_Skin/Mix_Pool/DU-S_28sec.wav,4939244,fb1e8965afc61152380dd670bb11b514e5d1d3b2e538a084161b6e1bfd421d0f
Backup_Candidates/Song_07_New_Skin/Mix_Pool/DU-T_28sec.wav,4939244,5fcf61c6cdc6194440a3bf64c577a20c82fdc9d87ad9bb9c1eea5ba2ba4b641c
Backup_Candidates/Song_07_New_Skin/Mix_Pool/DU-U_28sec.wav,4939244,acbe886de8e5ec5608ed75ea0fdfb7e2a5ffcc279758dfe79418e4f2e49cd4e3
Backup_Candidates/Song_07_New_Skin/SUMMARY.md,952,ffd043341fb59a252595de794c79d94f0bae593e6190b673e68a10ce054e88ef
Backup_Candidates/Song_08_No_Prize/Alignment_Figures/Similar Ratings/stacked_waveforms.png,166857,b91833cc44ca9e1b7dab1ae92c71e3274a793113288e5f45181338e9d88c7b3c
Backup_Candidates/Song_08_No_Prize/Alignment_Figures/Similar Ratings/strongest_transient_zoom.png,282819,6e1e98ebe3c59c6b79a6c42ebac4e79ac5443eac3699ae8667464a7a61a26eca
Backup_Candidates/Song_08_No_Prize/Alignment_Figures/Wide Ratings/stacked_waveforms.png,169450,9529e19d6dfa2fa3a4dcc2e6470a39c08a88cd42774049aeb592b60290fbaaca
Backup_Candidates/Song_08_No_Prize/Alignment_Figures/Wide Ratings/strongest_transient_zoom.png,334100,119ea782b39b9828985b1f110b90250db850d322ae9eb23518f470dd3fb8adea
Backup_Candidates/Song_08_No_Prize/Audio/Similar Ratings/McG-L_28sec.wav,4939244,16328de91f2be5833501bdce49b9b923c9151d5001dd28cb887250f37728197a
Backup_Candidates/Song_08_No_Prize/Audio/Similar Ratings/McG-N_28sec.wav,4939244,58c5437dd5e1ee6b6fc35ad0e46ff0e74c06ac4738049a97d13b59e2a667e6a9
Backup_Candidates/Song_08_No_Prize/Audio/Similar Ratings/McG-pro2_28sec.wav,4939244,d8eebe73a5ecafac133f0711860827e4c9c2a1d37c2b376eb2705a8adee66e33
Backup_Candidates/Song_08_No_Prize/Audio/Similar Ratings/RapidSwitch.wav,4939244,81029f84472be44775524af55ed2070fa82113abddee5a7c62d57b2689c88b17
Backup_Candidates/Song_08_No_Prize/Audio/Wide Ratings/McG-K_28sec.wav,4939244,7d4323e16aece2c5df06dd65e70c844336aaeb290e3cb84744efd7a24db8f932
Backup_Candidates/Song_08_No_Prize/Audio/Wide Ratings/McG-O_28sec.wav,4939244,18587365a76be96e46623c20cdb3ffb8ef8093f637e4e3defa11f7bf1fd60a5b
Backup_Candidates/Song_08_No_Prize/Audio/Wide Ratings/McG-P_28sec.wav,4939244,c44061746b0359962685060129d36ff86a14cf0ca924b9728137eabe10414d2f
Backup_Candidates/Song_08_No_Prize/Audio/Wide Ratings/RapidSwitch.wav,4939244,4ba02081442445ed1e00b251827c4af3a572cda4a874347abfa17f5eb6a88d58
Backup_Candidates/Song_08_No_Prize/Mix_Pool/McG-I_28sec.wav,4939244,8f06846a281d0fca4e9c6ec5c9a718356e0f4a58cc270912bbab4ead72297ed4
Backup_Candidates/Song_08_No_Prize/Mix_Pool/McG-J_28sec.wav,4939244,65d9ed20314fee9eca75563b2f4bc02327e2106d617dc282665b80bc4e961ed1
Backup_Candidates/Song_08_No_Prize/Mix_Pool/McG-K_28sec.wav,4939244,7d4323e16aece2c5df06dd65e70c844336aaeb290e3cb84744efd7a24db8f932
Backup_Candidates/Song_08_No_Prize/Mix_Pool/McG-L_28sec.wav,4939244,16328de91f2be5833501bdce49b9b923c9151d5001dd28cb887250f37728197a
Backup_Candidates/Song_08_No_Prize/Mix_Pool/McG-M_28sec.wav,4939244,1c347a01b402d0a8e8eadcb93d10aa9d5551d48ebafdb5468e211265c1db95c4
Backup_Candidates/Song_08_No_Prize/Mix_Pool/McG-N_28sec.wav,4939244,58c5437dd5e1ee6b6fc35ad0e46ff0e74c06ac4738049a97d13b59e2a667e6a9
Backup_Candidates/Song_08_No_Prize/Mix_Pool/McG-O_28sec.wav,4939244,18587365a76be96e46623c20cdb3ffb8ef8093f637e4e3defa11f7bf1fd60a5b
Backup_Candidates/Song_08_No_Prize/Mix_Pool/McG-P_28sec.wav,4939244,c44061746b0359962685060129d36ff86a14cf0ca924b9728137eabe10414d2f
Backup_Candidates/Song_08_No_Prize/Mix_Pool/McG-pro2_28sec.wav,4939244,d8eebe73a5ecafac133f0711860827e4c9c2a1d37c2b376eb2705a8adee66e33
Backup_Candidates/Song_08_No_Prize/SUMMARY.md,961,685e8c6d0ca457da06b38e97af5dcef09a575506f1c0eb96911ea4f8a82e1504
Candidate_Summary.csv,2395,07fbbda7d4200a6ae68d199dd71eda4f382b4eeb3033e64a159045c394a95549
Main_Study_Candidates/Song_01_Lead_Me/Alignment_Figures/Similar Ratings/stacked_waveforms.png,182366,c5e32667996e2c1b6bff436990c72d22f8fb41cc4546a6e31e077acfd31f5a88
Main_Study_Candidates/Song_01_Lead_Me/Alignment_Figures/Wide Ratings/stacked_waveforms.png,176809,eec60b81029bd7dd2b773ad1c77fffde272159f7fac5140244ff9da795fb4323
Main_Study_Candidates/Song_01_Lead_Me/Alignment_Figures/Wide Ratings/strongest_transient_zoom.png,313006,6a62ae2ce60ee01f575570b39994de793cbdb09bd1a1c35c81f1f2e1f23f3b94
Main_Study_Candidates/Song_01_Lead_Me/Audio/Similar Ratings/DU-D_28sec.wav,4939244,387ed068bd36791978f5f32289312a862e3bb85fbfbd14f1375dc834e5b6e81c
Main_Study_Candidates/Song_01_Lead_Me/Audio/Similar Ratings/DU-E_28sec.wav,4939244,b9c2e1a80215d00f705d996c6a2ffb9335321c0af9596dbb47bf009b3f5fccf1
Main_Study_Candidates/Song_01_Lead_Me/Audio/Similar Ratings/QUT-F_28sec.wav,4939244,ef8086797ae7a43c23151ce4345ddf45ba8c5780aac61f8eb7965e9f6b03af9c
Main_Study_Candidates/Song_01_Lead_Me/Audio/Similar Ratings/RapidSwitch.wav,4939244,7c730baec040b0acdd1dafc7ba44d0fdf1ac0ad9e8d517aa49d66b4a464dd4e7
Main_Study_Candidates/Song_01_Lead_Me/Audio/Wide Ratings/McG-pro2_28sec.wav,4939244,0a5f9954acf77ba80a84c552d651ce783a0d2569683e097892ae4b8d234d73ae
Main_Study_Candidates/Song_01_Lead_Me/Audio/Wide Ratings/PXL-L1_28sec.wav,4939244,714422df665a7ee3e80771c9c69572fba5b6f5bcb4db3bac894a7700e20f9ed0
Main_Study_Candidates/Song_01_Lead_Me/Audio/Wide Ratings/PXL-L4_28sec.wav,4939244,4dcc5347b88e33d8e519b82dc690c0aa5f3bad10f3bd7042adc17b443e14931a
Main_Study_Candidates/Song_01_Lead_Me/Audio/Wide Ratings/RapidSwitch.wav,4939244,7afafe41195b506f571aeb41ebfde6cca9d53be87446f33caf2dd36596d2abfc
Main_Study_Candidates/Song_01_Lead_Me/Mix_Pool/CNS-B_28sec.wav,4939244,7e8f83d47274139173d3e09b22fc453cc510a0bd581e67f834f525fade00413d
Main_Study_Candidates/Song_01_Lead_Me/Mix_Pool/CNS-C_28sec.wav,4939244,02db074a2e4aab053c990f3ddd53f6a87ba263f4c6de94deea7515a022faec12
Main_Study_Candidates/Song_01_Lead_Me/Mix_Pool/DU-A_28sec.wav,4939244,83fedf91716bc597be97e54d94e656b10f179a917de65c77c02e1195966a22fa
Main_Study_Candidates/Song_01_Lead_Me/Mix_Pool/DU-B_28sec.wav,4939244,b32c83d7e5dcb644be056f1ae728e6a7d291efeb5a4672378aef3061f601e20f
Main_Study_Candidates/Song_01_Lead_Me/Mix_Pool/DU-C_28sec.wav,4939244,5ece4aa0a00885a0886d0a7864919c3c8e4b3d8645ae0b2120a56b58dae63064
Main_Study_Candidates/Song_01_Lead_Me/Mix_Pool/DU-D_28sec.wav,4939244,387ed068bd36791978f5f32289312a862e3bb85fbfbd14f1375dc834e5b6e81c
Main_Study_Candidates/Song_01_Lead_Me/Mix_Pool/DU-E_28sec.wav,4939244,b9c2e1a80215d00f705d996c6a2ffb9335321c0af9596dbb47bf009b3f5fccf1
Main_Study_Candidates/Song_01_Lead_Me/Mix_Pool/DU-F_28sec.wav,4939244,0cb73166036ad12273858902916c8afcf7f5d24ce8b0533d1d6b0899f204ea80
Main_Study_Candidates/Song_01_Lead_Me/Mix_Pool/McG-B_28sec.wav,4939244,7c91d4dc7d7cb08eb0d3e3a097459605b225a9418da30a804c180c4f7388fd25
Main_Study_Candidates/Song_01_Lead_Me/Mix_Pool/McG-H_28sec.wav,4939244,fd7b00d7edfc4c0a6de6fce9ec66402deb5ed3b8acbcae9374d72f630b2ecb5f
Main_Study_Candidates/Song_01_Lead_Me/Mix_Pool/McG-pro2_28sec.wav,4939244,0a5f9954acf77ba80a84c552d651ce783a0d2569683e097892ae4b8d234d73ae
Main_Study_Candidates/Song_01_Lead_Me/Mix_Pool/PXL-L1_28sec.wav,4939244,714422df665a7ee3e80771c9c69572fba5b6f5bcb4db3bac894a7700e20f9ed0
Main_Study_Candidates/Song_01_Lead_Me/Mix_Pool/PXL-L2_28sec.wav,4939244,b68334fcf0d3404dcb5e6d2e9615e603a0cf798df26253b912c76c1a4c9e001a
Main_Study_Candidates/Song_01_Lead_Me/Mix_Pool/PXL-L3_28sec.wav,4939244,b46794de94cfcbd9a51be6e760ef80e12afd59e6d514ad8dd586cfec917eef38
Main_Study_Candidates/Song_01_Lead_Me/Mix_Pool/PXL-L4_28sec.wav,4939244,4dcc5347b88e33d8e519b82dc690c0aa5f3bad10f3bd7042adc17b443e14931a
Main_Study_Candidates/Song_01_Lead_Me/Mix_Pool/QUT-A_28sec.wav,4939244,ed278df2e690188a8bcd2760800d8662f0c11da34b9f3dca559e89d5eb444079
Main_Study_Candidates/Song_01_Lead_Me/Mix_Pool/QUT-F_28sec.wav,4939244,ef8086797ae7a43c23151ce4345ddf45ba8c5780aac61f8eb7965e9f6b03af9c
Main_Study_Candidates/Song_01_Lead_Me/Mix_Pool/QUT-H_28sec.wav,4939244,435c5591f5fc3b46f663293ca2fedb2e7f64e38f92c521096910b1a59daf724b
Main_Study_Candidates/Song_01_Lead_Me/Mix_Pool/QUT-pro_28sec.wav,4939244,2348d4de1f2405248f54b807349b508d778215d203ca70594fdb0f41e8dc3d6b
Main_Study_Candidates/Song_01_Lead_Me/Mix_Pool/UCP-A2_28sec.wav,4939244,d8a6cba572a300ecc11a810673a621634be2181ef2fdb7dc3d733a5c86539245
Main_Study_Candidates/Song_01_Lead_Me/SUMMARY.md,959,d81f0c571626145bede5cdfe61c5c5fc8b3b29f0de78c0d6d784789cbe5bbd7d
Main_Study_Candidates/Song_02_Red_To_Blue/Alignment_Figures/Similar Ratings/stacked_waveforms.png,180107,678b4baa4b291a89f3b27765ff4e345382221f10aa51730a333c094ed405918d
Main_Study_Candidates/Song_02_Red_To_Blue/Alignment_Figures/Wide Ratings/stacked_waveforms.png,185334,27a2375cb6c111f888f071b56f9b4ec23120b7c2a09ddf968943f9c909060a9c
Main_Study_Candidates/Song_02_Red_To_Blue/Audio/Similar Ratings/McG-B_28sec.wav,4939244,9fb2811d9bf6eeaca7388a8d41098b06466ec8e2528843d86743e4e6f3844125
Main_Study_Candidates/Song_02_Red_To_Blue/Audio/Similar Ratings/McG-F_28sec.wav,4939244,b208aa93c9eedc1f492980d9d3e2792338715b6b131ba7bd4c183900eb990c49
Main_Study_Candidates/Song_02_Red_To_Blue/Audio/Similar Ratings/McG-G_28sec.wav,4939244,7cbbe9b890e9269cf258ccac88f81689dcf2bf66a1195596168377b38bd871ec
Main_Study_Candidates/Song_02_Red_To_Blue/Audio/Similar Ratings/RapidSwitch.wav,4939244,39e446392b826d89e0ce57062ad475aa6451cd6634063149c460c52cb24887b4
Main_Study_Candidates/Song_02_Red_To_Blue/Audio/Wide Ratings/McG-C_28sec.wav,4939244,853fa7ff05ce7ab411be9012f452e5267f434f67890bdf8319ef839d6a83c569
Main_Study_Candidates/Song_02_Red_To_Blue/Audio/Wide Ratings/McG-H_28sec.wav,4939244,d7c85ff4cfcdbe6e94a9e092b18d81cd2d1b2a3bf4a669578889ec0e74b398c4
Main_Study_Candidates/Song_02_Red_To_Blue/Audio/Wide Ratings/McG-pro1_28sec.wav,4939244,09d9638198b6645a624b5f3cc1dc9e112236e0f7dffce863bc01c2426d52b83f
Main_Study_Candidates/Song_02_Red_To_Blue/Audio/Wide Ratings/RapidSwitch.wav,4939244,073a5f92774debfe08ef41e674efc0883d72be29892197b7669414360bb4ee74
Main_Study_Candidates/Song_02_Red_To_Blue/Mix_Pool/McG-A_28sec.wav,4939244,28619a0b0961680c5dcb064be6b622f4c992ccbc0b7598df488219a93b65f607
Main_Study_Candidates/Song_02_Red_To_Blue/Mix_Pool/McG-B_28sec.wav,4939244,9fb2811d9bf6eeaca7388a8d41098b06466ec8e2528843d86743e4e6f3844125
Main_Study_Candidates/Song_02_Red_To_Blue/Mix_Pool/McG-C_28sec.wav,4939244,853fa7ff05ce7ab411be9012f452e5267f434f67890bdf8319ef839d6a83c569
Main_Study_Candidates/Song_02_Red_To_Blue/Mix_Pool/McG-D_28sec.wav,4939244,83b9a844a0e8d3fa9b594d0e98194896cba4b6e020fd54a8a2c03c533c69f764
Main_Study_Candidates/Song_02_Red_To_Blue/Mix_Pool/McG-E_28sec.wav,4939244,d1695b80bdc399e5cbe995d77c75f1ecc77f354346bd4b3b4c13bae6f55192f6
Main_Study_Candidates/Song_02_Red_To_Blue/Mix_Pool/McG-F_28sec.wav,4939244,b208aa93c9eedc1f492980d9d3e2792338715b6b131ba7bd4c183900eb990c49
Main_Study_Candidates/Song_02_Red_To_Blue/Mix_Pool/McG-G_28sec.wav,4939244,7cbbe9b890e9269cf258ccac88f81689dcf2bf66a1195596168377b38bd871ec
Main_Study_Candidates/Song_02_Red_To_Blue/Mix_Pool/McG-H_28sec.wav,4939244,d7c85ff4cfcdbe6e94a9e092b18d81cd2d1b2a3bf4a669578889ec0e74b398c4
Main_Study_Candidates/Song_02_Red_To_Blue/Mix_Pool/McG-pro1_28sec.wav,4939244,09d9638198b6645a624b5f3cc1dc9e112236e0f7dffce863bc01c2426d52b83f
Main_Study_Candidates/Song_02_Red_To_Blue/Mix_Pool/McG-pro_28sec.wav,4939244,09d9638198b6645a624b5f3cc1dc9e112236e0f7dffce863bc01c2426d52b83f
Main_Study_Candidates/Song_02_Red_To_Blue/SUMMARY.md,963,844fe63eeb4ee84bf1c6dd3b1f7b4c5316267811f6a2e7f2a35b682072833854
Main_Study_Candidates/Song_03_In_The_Meantime/Alignment_Figures/Wide Ratings/stacked_waveforms.png,187999,df2774d44f9725c449151f4f2aa12c4de9e1dbba13a1a530fb940a1935862a57
Main_Study_Candidates/Song_03_In_The_Meantime/Audio/Similar Ratings/DU-H_28sec.wav,4939244,d6fe760c71725a679fcd890ac3963f73f827a9f341f8aa24d74891ef422b5308
Main_Study_Candidates/Song_03_In_The_Meantime/Audio/Similar Ratings/DU-I_28sec.wav,4939244,21bc424225f52d40c944e514c8b3d0eddbaa9f9e898caacc420d7fa7d7da0f96
Main_Study_Candidates/Song_03_In_The_Meantime/Audio/Similar Ratings/QUT-B_28sec.wav,4939244,c993068a51dba3645ceed7d1f236d396e91a8895eb01f49f808320dcdeb3b9ba
Main_Study_Candidates/Song_03_In_The_Meantime/Audio/Similar Ratings/RapidSwitch.wav,4939244,3e098f8cf71345e66ae2d6c5d3ab354dfc354f2a85c610d34a42cd6307ca2b5a
Main_Study_Candidates/Song_03_In_The_Meantime/Audio/Wide Ratings/DU-K_28sec.wav,4939244,faacc5ae6167c679fb5d66b3ad20d90de31409d6fe8d72ffd51c3af3b6c2f92e
Main_Study_Candidates/Song_03_In_The_Meantime/Audio/Wide Ratings/DU-N_28sec.wav,4939244,a806093fd76d44f813526c64444107ce538718474355e5780c08182efd62330e
Main_Study_Candidates/Song_03_In_The_Meantime/Audio/Wide Ratings/QUT-pro_28sec.wav,4939244,a829c97141d59f5b62475d7a7500c08a0990f619fd932ad892f9cb3994d17336
Main_Study_Candidates/Song_03_In_The_Meantime/Audio/Wide Ratings/RapidSwitch.wav,4939244,f29f279311cbd1d6d3f9fa6845c606b6325dfa604308464fcf65d71741507a6a
Main_Study_Candidates/Song_03_In_The_Meantime/Mix_Pool/DU-H_28sec.wav,4939244,d6fe760c71725a679fcd890ac3963f73f827a9f341f8aa24d74891ef422b5308
Main_Study_Candidates/Song_03_In_The_Meantime/Mix_Pool/DU-I_28sec.wav,4939244,21bc424225f52d40c944e514c8b3d0eddbaa9f9e898caacc420d7fa7d7da0f96
Main_Study_Candidates/Song_03_In_The_Meantime/Mix_Pool/DU-J_28sec.wav,4939244,e0de5ba8bbb3bab0641c57f56efce6a43d9d20bf300709c4dd7414402590c696
Main_Study_Candidates/Song_03_In_The_Meantime/Mix_Pool/DU-K_28sec.wav,4939244,faacc5ae6167c679fb5d66b3ad20d90de31409d6fe8d72ffd51c3af3b6c2f92e
Main_Study_Candidates/Song_03_In_The_Meantime/Mix_Pool/DU-L_28sec.wav,4939244,f974a94b8f6afb5e19c7d4f41cc5d31e68f6c34ac52b26c36788dbf2960fd5d8
Main_Study_Candidates/Song_03_In_The_Meantime/Mix_Pool/DU-M_28sec.wav,4939244,c7d485acb99c66f657bde07ed54656cd92f5768eb993e259b4af54f05d9b30e8
Main_Study_Candidates/Song_03_In_The_Meantime/Mix_Pool/DU-N_28sec.wav,4939244,a806093fd76d44f813526c64444107ce538718474355e5780c08182efd62330e
Main_Study_Candidates/Song_03_In_The_Meantime/Mix_Pool/McG-A_28sec.wav,4939244,e5d70a3545d6e16f12138df15066d6a0d12992d047b5aa04190b4c73565607d6
Main_Study_Candidates/Song_03_In_The_Meantime/Mix_Pool/McG-D_28sec.wav,4939244,ee94e00a70ae25777828ebb809eef8845d1f33a6fb46b08803790b4d96c61b44
Main_Study_Candidates/Song_03_In_The_Meantime/Mix_Pool/McG-F_28sec.wav,4939244,7e773a2d0b97c6800786790ce7db3ab8cb8e5c64bd147e0921e002c30736309d
Main_Study_Candidates/Song_03_In_The_Meantime/Mix_Pool/McG-H_28sec.wav,4939244,8e793b087f0f14273fb4e4fd3e0b556cb2bf11475b629b50b853923e71ec9d46
Main_Study_Candidates/Song_03_In_The_Meantime/Mix_Pool/PXL-S5_28sec.wav,4939244,ca205ef318312d2639cee051b82a60da91cab1a56c9acdff2a21e98c1e6383ee
Main_Study_Candidates/Song_03_In_The_Meantime/Mix_Pool/PXL-S7_28sec.wav,4939244,2ffdacb7b10bde822806873318aa09bf1c68d8778277c26fbc680d337156e20e
Main_Study_Candidates/Song_03_In_The_Meantime/Mix_Pool/QUT-A_28sec.wav,4939244,d9689b5b385ac94160c2dd4389da31bfd1a5ffa7adde6fc9f974f8bb1764582c
Main_Study_Candidates/Song_03_In_The_Meantime/Mix_Pool/QUT-B_28sec.wav,4939244,c993068a51dba3645ceed7d1f236d396e91a8895eb01f49f808320dcdeb3b9ba
Main_Study_Candidates/Song_03_In_The_Meantime/Mix_Pool/QUT-C_28sec.wav,4939244,8e8926824a3cef77e77cf4758ffc5a25df68c4e8abad08e641c559f840455cb5
Main_Study_Candidates/Song_03_In_The_Meantime/Mix_Pool/QUT-G_28sec.wav,4939244,ea256f32de45ebd2576e3925cca4aaa73207d1fb709463368c9fcf4222106a64
Main_Study_Candidates/Song_03_In_The_Meantime/Mix_Pool/QUT-J_28sec.wav,4939244,07be82ee537e5bc31b63b6ea44d96a5990beb9a39d28be084909313bf03fe7bc
Main_Study_Candidates/Song_03_In_The_Meantime/Mix_Pool/QUT-pro_28sec.wav,4939244,a829c97141d59f5b62475d7a7500c08a0990f619fd932ad892f9cb3994d17336
Main_Study_Candidates/Song_03_In_The_Meantime/Mix_Pool/UCP-A4_28sec.wav,4939244,c24c88ca9db81d7379cc649c103fa5d39d1231bae26288a94722dc7de49ecad4
Main_Study_Candidates/Song_03_In_The_Meantime/SUMMARY.md,962,58eaa7010e86301fdc76ae4f06e344cd28bb048ecc2121cc70ded84fa06b4d1a
Main_Study_Candidates/Song_04_Pouring_Room/Alignment_Figures/Similar Ratings/stacked_waveforms.png,164580,6d5298e4ae144aee7e118d26521c9a3bddab509f96e1018a8d661fd876fab1fb
Main_Study_Candidates/Song_04_Pouring_Room/Alignment_Figures/Wide Ratings/stacked_waveforms.png,173978,cb3c5cb8cf0951789100b36ae2ff8eddc35026094f4767d85d0a24986e3bb10c
Main_Study_Candidates/Song_04_Pouring_Room/Audio/Similar Ratings/McG-R_28sec.wav,4939244,9c30a6036403d7f56752c4d4197b16256a57659a3f3c93b3fc00c87f314e7cff
Main_Study_Candidates/Song_04_Pouring_Room/Audio/Similar Ratings/McG-T_28sec.wav,4939244,5a8f9c660507842ba68a002970c1ea8d3c86e07cde8d59217e846e2eda895aaf
Main_Study_Candidates/Song_04_Pouring_Room/Audio/Similar Ratings/McG-X_28sec.wav,4939244,a62c5e0b39588666f46b13966ac2f4976420bc6ea7dd1c83b3e363c636887d8a
Main_Study_Candidates/Song_04_Pouring_Room/Audio/Similar Ratings/RapidSwitch.wav,4939244,e8b22b782e86d532a1b179010ffe2d660f6de8917eb44925ae6339b1222a335d
Main_Study_Candidates/Song_04_Pouring_Room/Audio/Wide Ratings/McG-pro1_28sec.wav,4939244,dcce1e8b37bafc9d0fedb286b185e6ae7e01ba77970f7900dc4a0dc7c7ea26c7
Main_Study_Candidates/Song_04_Pouring_Room/Audio/Wide Ratings/McG-U_28sec.wav,4939244,68e32aad468b5c1ee35fc3611b92ccf5039d31e84810db1d00c45a7091710035
Main_Study_Candidates/Song_04_Pouring_Room/Audio/Wide Ratings/McG-V_28sec.wav,4939244,c36c54e997463e8810db50ea413e441dc99f12f256a0eb8337c80f935759e32f
Main_Study_Candidates/Song_04_Pouring_Room/Audio/Wide Ratings/RapidSwitch.wav,4939244,933e56717cd3d5a36e0c65089c82867c27ccfe484d924984e7f717f43464f80b
Main_Study_Candidates/Song_04_Pouring_Room/Mix_Pool/McG-pro1_28sec.wav,4939244,dcce1e8b37bafc9d0fedb286b185e6ae7e01ba77970f7900dc4a0dc7c7ea26c7
Main_Study_Candidates/Song_04_Pouring_Room/Mix_Pool/McG-pro_28sec.wav,4939244,dcce1e8b37bafc9d0fedb286b185e6ae7e01ba77970f7900dc4a0dc7c7ea26c7
Main_Study_Candidates/Song_04_Pouring_Room/Mix_Pool/McG-Q_28sec.wav,4939244,dfd59be41eb13185d083ddc0cab644a3c0fd3a6db754b029b5b36bb65afad57c
Main_Study_Candidates/Song_04_Pouring_Room/Mix_Pool/McG-R_28sec.wav,4939244,9c30a6036403d7f56752c4d4197b16256a57659a3f3c93b3fc00c87f314e7cff
Main_Study_Candidates/Song_04_Pouring_Room/Mix_Pool/McG-T_28sec.wav,4939244,5a8f9c660507842ba68a002970c1ea8d3c86e07cde8d59217e846e2eda895aaf
Main_Study_Candidates/Song_04_Pouring_Room/Mix_Pool/McG-U_28sec.wav,4939244,68e32aad468b5c1ee35fc3611b92ccf5039d31e84810db1d00c45a7091710035
Main_Study_Candidates/Song_04_Pouring_Room/Mix_Pool/McG-V_28sec.wav,4939244,c36c54e997463e8810db50ea413e441dc99f12f256a0eb8337c80f935759e32f
Main_Study_Candidates/Song_04_Pouring_Room/Mix_Pool/McG-W_28sec.wav,4939244,94782f034ca3c8e68e9eb7481d6b64a05c5c14aa426607f3cb8fbe4f3ec8933c
Main_Study_Candidates/Song_04_Pouring_Room/Mix_Pool/McG-X_28sec.wav,4939244,a62c5e0b39588666f46b13966ac2f4976420bc6ea7dd1c83b3e363c636887d8a
Main_Study_Candidates/Song_04_Pouring_Room/SUMMARY.md,1007,0a64b8b911f04b2ec551c395e0d7a61428720b2560cb3b64fd87185b82abfd30
README.md,2553,8f424ecd3275bf63668f6281115552280dbdf868ef58b672b4c57ea2960f4588
