song,selected_mix_id,original_mix_name,brecht_mean_previous_preference,rating_count,role_in_set,important_acoustic_or_perceptual_contribution,nearest_selected_neighbour,nearest_selected_neighbour_distance,reason_not_near_duplicate,technical_quality_status,confidence_level,manual_listening_confirmation_required,review_audio_path,source_selection_basis
Lead Me,mix_f1f7973e5bac,DU-D,0.344928583221,39,similar-rating subset,lower low/low-mid spectral energy; higher stereo width,PXL-L4,2.51973487833,nearest selected distance 2.520; near_duplicate_flag=False,REVIEW (alignment_review),medium-high,yes,C:\Users\oscar\Documents\7. QMUL UNIVERSITY\1. Master Program\3. MSc Project\intent2control-dissertation\outputs\stimulus_selection\09_six_mix_proposals\review_audio\Lead Me\DU-D_28sec.wav,six_mix_proposals_union
Lead Me,mix_271852ba8676,DU-E,0.288513454805,39,similar-rating subset,lower low/low-mid spectral energy; higher brightness proxy,PXL-L1,2.84064614514,nearest selected distance 2.841; near_duplicate_flag=False,REVIEW (alignment_review),medium-high,yes,C:\Users\oscar\Documents\7. QMUL UNIVERSITY\1. Master Program\3. MSc Project\intent2control-dissertation\outputs\stimulus_selection\09_six_mix_proposals\review_audio\Lead Me\DU-E_28sec.wav,six_mix_proposals_union
Lead Me,mix_d5b28dfc8a93,PXL-L1,0.331806996292,36,similar-rating subset,lower side-channel spectral energy; lower source RMS/energy,DU-E,2.84064614514,nearest selected distance 2.841; near_duplicate_flag=False,REVIEW (alignment_review),medium-high,yes,C:\Users\oscar\Documents\7. QMUL UNIVERSITY\1. Master Program\3. MSc Project\intent2control-dissertation\outputs\stimulus_selection\09_six_mix_proposals\review_audio\Lead Me\PXL-L1_28sec.wav,six_mix_proposals_union
Lead Me,mix_c7d9a071ba25,PXL-L4,0.516818070818,6,range-broadening / rating bridge,higher stereo width; lower source RMS/energy,DU-D,2.51973487833,nearest selected distance 2.520; near_duplicate_flag=False,REVIEW (alignment_review),medium-high,yes,C:\Users\oscar\Documents\7. QMUL UNIVERSITY\1. Master Program\3. MSc Project\intent2control-dissertation\outputs\stimulus_selection\09_six_mix_proposals\review_audio\Lead Me\PXL-L4_28sec.wav,six_mix_proposals_union
Lead Me,mix_d3e3580b6e30,McG-pro2,0.547365451895,45,range-broadening,higher source RMS/energy; higher crest factor/dynamics,PXL-L1,2.92257247514,nearest selected distance 2.923; near_duplicate_flag=False,REVIEW (alignment_review),medium-high,yes,C:\Users\oscar\Documents\7. QMUL UNIVERSITY\1. Master Program\3. MSc Project\intent2control-dissertation\outputs\stimulus_selection\09_six_mix_proposals\review_audio\Lead Me\McG-pro2_28sec.wav,six_mix_proposals_union
In The Meantime,mix_c7bdcba64775,QUT-B,0.169540672643,16,range-broadening / rating bridge,lower side-channel spectral energy; lower upper-band spectral energy,DU-K,4.13120303805,nearest selected distance 4.131; near_duplicate_flag=False,REVIEW (alignment_review),medium-high,yes,C:\Users\oscar\Documents\7. QMUL UNIVERSITY\1. Master Program\3. MSc Project\intent2control-dissertation\outputs\stimulus_selection\09_six_mix_proposals\review_audio\In The Meantime\QUT-B_28sec.wav,six_mix_proposals_union
In The Meantime,mix_302f0efe8a80,DU-H,0.560388064169,54,similar-rating subset,higher source RMS/energy; lower low/low-mid spectral energy,DU-K,2.85892406223,nearest selected distance 2.859; near_duplicate_flag=False,REVIEW (alignment_review),medium-high,yes,C:\Users\oscar\Documents\7. QMUL UNIVERSITY\1. Master Program\3. MSc Project\intent2control-dissertation\outputs\stimulus_selection\09_six_mix_proposals\review_audio\In The Meantime\DU-H_28sec.wav,six_mix_proposals_union
In The Meantime,mix_9baa86357fd4,DU-I,0.531178215151,38,similar-rating subset,higher crest factor/dynamics; lower source RMS/energy,DU-K,2.10556575572,nearest selected distance 2.106; near_duplicate_flag=False,REVIEW (alignment_review),medium-high,yes,C:\Users\oscar\Documents\7. QMUL UNIVERSITY\1. Master Program\3. MSc Project\intent2control-dissertation\outputs\stimulus_selection\09_six_mix_proposals\review_audio\In The Meantime\DU-I_28sec.wav,six_mix_proposals_union
In The Meantime,mix_56e65a3ce054,DU-K,0.136285256921,38,range-broadening,lower side-channel spectral energy; higher crest factor/dynamics,DU-I,2.10556575572,nearest selected distance 2.106; near_duplicate_flag=False,REVIEW (near_clipped_samples|loudness_normalisation_review),medium-high,yes,C:\Users\oscar\Documents\7. QMUL UNIVERSITY\1. Master Program\3. MSc Project\intent2control-dissertation\outputs\stimulus_selection\09_six_mix_proposals\review_audio\In The Meantime\DU-K_28sec.wav,six_mix_proposals_union
In The Meantime,mix_cdaef40f2b94,QUT-pro,0.584611251475,16,similar-rating subset,higher stereo width; lower crest factor/dynamics,DU-I,3.13630445374,nearest selected distance 3.136; near_duplicate_flag=False,REVIEW (alignment_review),medium-high,yes,C:\Users\oscar\Documents\7. QMUL UNIVERSITY\1. Master Program\3. MSc Project\intent2control-dissertation\outputs\stimulus_selection\09_six_mix_proposals\review_audio\In The Meantime\QUT-pro_28sec.wav,six_mix_proposals_union
Pouring Room,mix_0ba76f420c1d,McG-R,0.391330644411,40,similar-rating subset,lower crest factor/dynamics; lower brightness proxy,McG-pro1,2.12138547376,nearest selected distance 2.121; near_duplicate_flag=False,REVIEW (alignment_review),medium-high,yes,C:\Users\oscar\Documents\7. QMUL UNIVERSITY\1. Master Program\3. MSc Project\intent2control-dissertation\outputs\stimulus_selection\09_six_mix_proposals\review_audio\Pouring Room\McG-R_28sec.wav,six_mix_proposals_union
Pouring Room,mix_be2ccd4c43ff,McG-T,0.315778789267,40,similar-rating subset,higher stereo width; higher crest factor/dynamics,McG-X,1.88514897969,nearest selected distance 1.885; near_duplicate_flag=False,REVIEW (alignment_review),medium-high,yes,C:\Users\oscar\Documents\7. QMUL UNIVERSITY\1. Master Program\3. MSc Project\intent2control-dissertation\outputs\stimulus_selection\09_six_mix_proposals\review_audio\Pouring Room\McG-T_28sec.wav,six_mix_proposals_union
Pouring Room,mix_cbf8555ee2b2,McG-X,0.326821477012,40,similar-rating subset,higher side-channel spectral energy; lower brightness proxy,McG-T,1.88514897969,nearest selected distance 1.885; near_duplicate_flag=False,REVIEW (alignment_review),medium-high,yes,C:\Users\oscar\Documents\7. QMUL UNIVERSITY\1. Master Program\3. MSc Project\intent2control-dissertation\outputs\stimulus_selection\09_six_mix_proposals\review_audio\Pouring Room\McG-X_28sec.wav,six_mix_proposals_union
Pouring Room,mix_132e75f34470,McG-pro1,0.741587086846,40,range-broadening,higher source RMS/energy; higher upper-band spectral energy,McG-V,1.69525800496,nearest selected distance 1.695; near_duplicate_flag=False,REVIEW (alignment_review),medium-high,yes,C:\Users\oscar\Documents\7. QMUL UNIVERSITY\1. Master Program\3. MSc Project\intent2control-dissertation\outputs\stimulus_selection\09_six_mix_proposals\review_audio\Pouring Room\McG-pro1_28sec.wav,six_mix_proposals_union
Pouring Room,mix_e08faaf8bbb3,McG-V,0.510318833291,40,range-broadening / rating bridge,higher crest factor/dynamics; higher low/low-mid spectral energy,McG-pro1,1.69525800496,nearest selected distance 1.695; near_duplicate_flag=False,REVIEW (alignment_review),medium-high,yes,C:\Users\oscar\Documents\7. QMUL UNIVERSITY\1. Master Program\3. MSc Project\intent2control-dissertation\outputs\stimulus_selection\09_six_mix_proposals\review_audio\Pouring Room\McG-V_28sec.wav,six_mix_proposals_union
I'd Like To Know,mix_65f41f41d3ab,PXL-S3,0.387103869155,30,similar-rating subset,lower upper-band spectral energy; lower side-channel spectral energy,PXL-S2,1.36762958502,nearest selected distance 1.368; near_duplicate_flag=False,clear technical pool QC; PASS alignment for both source triplets,high,yes,C:\Users\oscar\Documents\7. QMUL UNIVERSITY\1. Master Program\3. MSc Project\intent2control-dissertation\outputs\stimulus_selection\08_backup_song_expansion\08_supervisor_review_package\candidate_review_audio\I'd Like To Know\Similar Ratings\PXL-S3_28sec.wav,backup_supervisor_review_union
I'd Like To Know,mix_82d60d7c7fc5,PXL-S5,0.41830605239,30,similar-rating subset,higher stereo width; higher low/low-mid spectral energy,PXL-S7,1.97772901106,nearest selected distance 1.978; near_duplicate_flag=False,clear technical pool QC; PASS alignment for both source triplets,high,yes,C:\Users\oscar\Documents\7. QMUL UNIVERSITY\1. Master Program\3. MSc Project\intent2control-dissertation\outputs\stimulus_selection\08_backup_song_expansion\08_supervisor_review_package\candidate_review_audio\I'd Like To Know\Similar Ratings\PXL-S5_28sec.wav,backup_supervisor_review_union
I'd Like To Know,mix_9ffcd672af17,PXL-S1,0.521845817854,30,range-broadening / rating bridge,higher brightness proxy; higher upper-band spectral energy,PXL-S7,1.59744017638,nearest selected distance 1.597; near_duplicate_flag=False,clear technical pool QC; PASS alignment for both source triplets,high,yes,C:\Users\oscar\Documents\7. QMUL UNIVERSITY\1. Master Program\3. MSc Project\intent2control-dissertation\outputs\stimulus_selection\08_backup_song_expansion\08_supervisor_review_package\candidate_review_audio\I'd Like To Know\Similar Ratings\PXL-S1_28sec.wav,backup_supervisor_review_union
I'd Like To Know,mix_6f8b655d7999,PXL-S2,0.466242170236,30,similar-rating subset,lower crest factor/dynamics; higher source RMS/energy,PXL-S3,1.36762958502,nearest selected distance 1.368; near_duplicate_flag=False,clear technical pool QC; PASS alignment for both source triplets,high,yes,C:\Users\oscar\Documents\7. QMUL UNIVERSITY\1. Master Program\3. MSc Project\intent2control-dissertation\outputs\stimulus_selection\08_backup_song_expansion\08_supervisor_review_package\candidate_review_audio\I'd Like To Know\Wide Ratings\PXL-S2_28sec.wav,backup_supervisor_review_union
I'd Like To Know,mix_b393d3919c78,PXL-S7,0.633314256387,30,range-broadening,higher low/low-mid spectral energy; higher stereo width,PXL-S2,1.52980290766,nearest selected distance 1.530; near_duplicate_flag=False,clear technical pool QC; PASS alignment for both source triplets,high,yes,C:\Users\oscar\Documents\7. QMUL UNIVERSITY\1. Master Program\3. MSc Project\intent2control-dissertation\outputs\stimulus_selection\08_backup_song_expansion\08_supervisor_review_package\candidate_review_audio\I'd Like To Know\Wide Ratings\PXL-S7_28sec.wav,backup_supervisor_review_union
