relative_path,file_type,artist,song,rating_condition,original_mix_name,sha256,bytes,validation_status,notes
alignment_verification_booklet.pdf,alignment_booklet_pdf,,,,,5e70bc49892cb2588123bb12ca9beec961710381cfe36d86a291b190d4edeb3d,4185031,validated,
audio/In The Meantime/Similar Ratings/DU-H_28sec.wav,review_wav,Fredy V,In The Meantime,Similar Ratings,DU-H,28f9f5f49026388e14af98d00033ece5f6688ba69218326246d05673275438da,4939244,validated,
audio/In The Meantime/Similar Ratings/DU-I_28sec.wav,review_wav,Fredy V,In The Meantime,Similar Ratings,DU-I,0d4ba4222bd9ada8589ab43d7d12ddd16b9798d322e845a0c8078b202210dcd0,4939244,validated,
audio/In The Meantime/Similar Ratings/QUT-B_28sec.wav,review_wav,Fredy V,In The Meantime,Similar Ratings,QUT-B,3f2e48e3cba533f02f9255832a13b09ccbdc67c64e62dba6c51d390faafb9432,4939244,validated,
audio/In The Meantime/Similar Ratings/RapidSwitch.wav,rapid_switch_wav,Fredy V,In The Meantime,Similar Ratings,,c09fe488b9556eb56a97988a9b72b32a1b7792c0a169f38b3ac15563d68fedf6,4939244,validated,
audio/In The Meantime/Wide Ratings/DU-K_28sec.wav,review_wav,Fredy V,In The Meantime,Wide Ratings,DU-K,96a148a4f4a9b95029b45a56efb9379743aa4ceb4c5381fe8eb6927b789034af,4939244,validated,
audio/In The Meantime/Wide Ratings/DU-N_28sec.wav,review_wav,Fredy V,In The Meantime,Wide Ratings,DU-N,81af171aeaa2ae90f70b704731ea4cc7aa0dbcd07d3d8953ebb0ee45d53efd2c,4939244,validated,
audio/In The Meantime/Wide Ratings/QUT-pro_28sec.wav,review_wav,Fredy V,In The Meantime,Wide Ratings,QUT-pro,59b190953ef8529be467847ec38ae907843d2450c192f0f2a78ff4f934fb198c,4939244,validated,
audio/In The Meantime/Wide Ratings/RapidSwitch.wav,rapid_switch_wav,Fredy V,In The Meantime,Wide Ratings,,18dd9afb18ae2d44295046a0da1d1f796fc6a5ad87a5bb90d337b9d7c2b2e0d7,4939244,validated,
audio/Lead Me/Similar Ratings/DU-D_28sec.wav,review_wav,The DoneFors,Lead Me,Similar Ratings,DU-D,7adf201d79c648a35562be63ab2fddd1a01e1394232fae99819387ff0fe08d11,4939244,validated,
audio/Lead Me/Similar Ratings/DU-E_28sec.wav,review_wav,The DoneFors,Lead Me,Similar Ratings,DU-E,cc8a3bbf10a630d48af366abef9fc44a2644369dcad264f2585ee73eec3fb720,4939244,validated,
audio/Lead Me/Similar Ratings/QUT-F_28sec.wav,review_wav,The DoneFors,Lead Me,Similar Ratings,QUT-F,a3fe0f954e00e121a05c6480edd070aa9689644f96f3e75beebb4fe4388304b1,4939244,validated,
audio/Lead Me/Similar Ratings/RapidSwitch.wav,rapid_switch_wav,The DoneFors,Lead Me,Similar Ratings,,4013e233726343ae2474af03f8529790a67095e0746f93a7272599100e4f2408,4939244,validated,
audio/Lead Me/Wide Ratings/McG-pro2_28sec.wav,review_wav,The DoneFors,Lead Me,Wide Ratings,McG-pro2,7356c747a0b3fa810b5b91c1942bfb92cf00908bd7728c8027f2a89dcd56d8e6,4939244,validated,
audio/Lead Me/Wide Ratings/PXL-L1_28sec.wav,review_wav,The DoneFors,Lead Me,Wide Ratings,PXL-L1,bed1929afadc18caa15a1cbd24ade78856d824b77ea1f749de6596ac9de722b3,4939244,validated,
audio/Lead Me/Wide Ratings/PXL-L4_28sec.wav,review_wav,The DoneFors,Lead Me,Wide Ratings,PXL-L4,c0be1ba5c27043c567e1dd3832fd953bd8b15c623a2d96135bc89e97a6f36643,4939244,validated,
audio/Lead Me/Wide Ratings/RapidSwitch.wav,rapid_switch_wav,The DoneFors,Lead Me,Wide Ratings,,05b1b657cf50275e95cda392072764395a9eb5c9f58f94af6dc66a042381a35d,4939244,validated,
audio/Pouring Room/Similar Ratings/McG-R_28sec.wav,review_wav,Young Griffo,Pouring Room,Similar Ratings,McG-R,cb42155771f0bc70a333c92221afe49e088c96bf4cfc91a4ca3342573a879d3d,4939244,validated,
audio/Pouring Room/Similar Ratings/McG-T_28sec.wav,review_wav,Young Griffo,Pouring Room,Similar Ratings,McG-T,330db1c0597b35517b0013a11bf152317832da35793e2cf9ba63184cac449e41,4939244,validated,
audio/Pouring Room/Similar Ratings/McG-X_28sec.wav,review_wav,Young Griffo,Pouring Room,Similar Ratings,McG-X,1bd809b92ff5146184d0467eeb19d877f423facd92d1e2d2b1fe155de4fc63d5,4939244,validated,
audio/Pouring Room/Similar Ratings/RapidSwitch.wav,rapid_switch_wav,Young Griffo,Pouring Room,Similar Ratings,,b2a13aa75bdd14cedeb093e27f0102bdf40506ccd123a4c66cf333cf7a187a04,4939244,validated,
audio/Pouring Room/Wide Ratings/McG-pro1_28sec.wav,review_wav,Young Griffo,Pouring Room,Wide Ratings,McG-pro1,6a427883303abfc29f244a09f571330ba1f01954828dae0246d490f6c576ef55,4939244,validated,
audio/Pouring Room/Wide Ratings/McG-U_28sec.wav,review_wav,Young Griffo,Pouring Room,Wide Ratings,McG-U,a2a22e4088b4a2ff713042d6fe06deb4ea0e3035409715fb34cec72a5c2f9b23,4939244,validated,
audio/Pouring Room/Wide Ratings/McG-V_28sec.wav,review_wav,Young Griffo,Pouring Room,Wide Ratings,McG-V,5fe01bc005b45ae411390d5bb7932ffaabf30a7a1453344b2a7f6de733e8c74c,4939244,validated,
audio/Pouring Room/Wide Ratings/RapidSwitch.wav,rapid_switch_wav,Young Griffo,Pouring Room,Wide Ratings,,858c149b6323f6661d1c1f40dfd69959d111edc0fe85344698c0397c4d3650e9,4939244,validated,
audio/Red To Blue/Similar Ratings/McG-B_28sec.wav,review_wav,Broken Crank,Red To Blue,Similar Ratings,McG-B,23abaf24021132282ad063763dd957a2096d026877e4098765f81d8bf2d62ce3,4939244,validated,
audio/Red To Blue/Similar Ratings/McG-F_28sec.wav,review_wav,Broken Crank,Red To Blue,Similar Ratings,McG-F,5e7410429faec756ae92850deb13fb94584c73f9d5ff7d7ad8c351a706b1dabc,4939244,validated,
audio/Red To Blue/Similar Ratings/McG-G_28sec.wav,review_wav,Broken Crank,Red To Blue,Similar Ratings,McG-G,b87d0ffbad2eeb3cd02a0ddbb0cc004d1f6fd6f89414d317b6510f26e4ac60e9,4939244,validated,
audio/Red To Blue/Similar Ratings/RapidSwitch.wav,rapid_switch_wav,Broken Crank,Red To Blue,Similar Ratings,,ce796ee733b134bfa44525947f1ba87199175c37d3f208835c7ab22a42af1f20,4939244,validated,
audio/Red To Blue/Wide Ratings/McG-C_28sec.wav,review_wav,Broken Crank,Red To Blue,Wide Ratings,McG-C,2edc5535005da740aa58b58d05e374538975245f606d2ae342b0670888b76b8c,4939244,validated,
audio/Red To Blue/Wide Ratings/McG-H_28sec.wav,review_wav,Broken Crank,Red To Blue,Wide Ratings,McG-H,e4d5ce445b26b3c55eb35dbaea8a595440436cf9a12b5cfb7393dbe3a63d12a8,4939244,validated,
audio/Red To Blue/Wide Ratings/McG-pro1_28sec.wav,review_wav,Broken Crank,Red To Blue,Wide Ratings,McG-pro1,1bd3eabbafdf08532a7fffb7b4797f766af8b7dde445c1493f6e2a9c9663b9ef,4939244,validated,
audio/Red To Blue/Wide Ratings/RapidSwitch.wav,rapid_switch_wav,Broken Crank,Red To Blue,Wide Ratings,,27983a0372145df61f83292067da7269f34a518595327e0b8b7398bbcbf61bd4,4939244,validated,
package_manifest.csv,table_csv,,,,,,7943,pending_self_hash,manifest lists itself without self-hash
README.md,report_or_instructions_md,,,,,956d4040fb571a155b836238abc0c1b09221d3f25d3ac2e42a54d76cdbaf5e25,1069,validated,
selection_summary.md,report_or_instructions_md,,,,,dd2210b943a63f01c47fb1a4c278c28cef7c8372cb94d71db53cedbe2e6493bd,5530,validated,
supervisor_review_form.csv,table_csv,,,,,65efb58c903bfa470a887e9a5d50f6958b86da0390a4a85931a8cae14e3fa82a,3343,validated,
supervisor_shortlist.csv,table_csv,,,,,611f408c5f92f1b7f776e99ee1d2d483bb305fcc897c5feb31aa10e97f1df667,3570,validated,
supporting_reports/alignment_verification_booklet_validation.md,report_or_instructions_md,,,,,c7b333b6823cdb2a5277b313ddbe8b603223872fe86ce69570ee2906fbd1bc0d,1933,validated,
supporting_reports/alignment_verification_report.md,report_or_instructions_md,,,,,38da6699b307ff8093cfa8735ec3b9290cd44fd59142ee4bed612d0da281f716,2564,validated,
supporting_reports/rating_stratification_report.md,report_or_instructions_md,,,,,83e4859ef49d36f30f266e815ce76770e64c9b012ec5046ae4da55706dfc6bb1,2114,validated,
tables/alignment_summary.csv,table_csv,,,,,f16513492e513f8793b6397e022f462adb392bd8a172016fa74b4399c05fc94a,1479,validated,
tables/mix_level_summary.csv,table_csv,,,,,1325703e1e549d0af70e8fea41bd03863a6115e9b22deebec22ccdfd73de1079,7956,validated,
tables/pairwise_alignment_verification.csv,table_csv,,,,,2bd355defd15201c6618b1a9ec8efeaa79e33ed16689267b11e24a332c791bd4,6162,validated,
tables/triplet_summary.csv,table_csv,,,,,6f5a560b0a5a9afb50c5e09b3015136f5f7488a40ccceecec0dc27442f6033e7,3902,validated,
