artist,song,mix_id,institution,source_path,reference_mix_id,decoder_backend,original_sample_rate,decoded_channels,original_duration_seconds,estimated_lag_seconds,refined_lag_seconds,alignment_score,second_best_score,confidence_margin,alignment_confidence,aligned_start_seconds,aligned_end_seconds,usable_overlap_seconds,retained_for_excerpt_selection,exclusion_reason,notes,soundfile_version,libsndfile_version,decoder_mp3_support,decoded_frame_count,soundfile_info_frame_count,decoded_duration_from_frames_seconds,duration_frame_delta_seconds,full_waveform_decode_verified,decode_duration_consistent_with_report,decode_verification_notes,soundfile_info_frame_count_matches_decoded,soundfile_info_minus_decoded_frames
Fredy V,In The Meantime,mix_302f0efe8a80,DU,C:\Users\oscar\OneDrive\Public share - Mix Eval Dataset\MixEvaluation\audio\InTheMeantime\DU-H.mp3,mix_13f0eed08780,soundfile,44100,2,74.005964,-0.557460,-0.557460,0.767660,0.517180,0.250480,0.825745,0.557460,74.563424,74.005964,true,,duration_mismatch,0.14.0,1.2.2,true,3263663,3263663,74.005963719,0.000000000,true,true,full_decode_verified_from_sf_read,true,0
Fredy V,In The Meantime,mix_9baa86357fd4,DU,C:\Users\oscar\OneDrive\Public share - Mix Eval Dataset\MixEvaluation\audio\InTheMeantime\DU-I.mp3,mix_13f0eed08780,soundfile,44100,2,74.005964,-0.532517,-0.532517,0.760256,0.465524,0.294732,0.820192,0.532517,74.538481,74.005964,true,,duration_mismatch,0.14.0,1.2.2,true,3263663,3263663,74.005963719,0.000000000,true,true,full_decode_verified_from_sf_read,true,0
Fredy V,In The Meantime,mix_22efc79c8253,DU,C:\Users\oscar\OneDrive\Public share - Mix Eval Dataset\MixEvaluation\audio\InTheMeantime\DU-J.mp3,mix_13f0eed08780,soundfile,44100,2,74.005964,-0.567438,-0.567438,0.842244,0.464597,0.377647,0.881683,0.567438,74.573402,74.005964,true,,duration_mismatch,0.14.0,1.2.2,true,3263663,3263663,74.005963719,0.000000000,true,true,full_decode_verified_from_sf_read,true,0
Fredy V,In The Meantime,mix_56e65a3ce054,DU,C:\Users\oscar\OneDrive\Public share - Mix Eval Dataset\MixEvaluation\audio\InTheMeantime\DU-K.mp3,mix_13f0eed08780,soundfile,44100,2,74.005964,-0.532517,-0.532517,0.663416,0.411373,0.252044,0.747562,0.532517,74.538481,74.005964,true,,duration_mismatch,0.14.0,1.2.2,true,3263663,3263663,74.005963719,0.000000000,true,true,full_decode_verified_from_sf_read,true,0
Fredy V,In The Meantime,mix_561c0e17caee,DU,C:\Users\oscar\OneDrive\Public share - Mix Eval Dataset\MixEvaluation\audio\InTheMeantime\DU-L.mp3,mix_13f0eed08780,soundfile,44100,2,74.005964,-0.542494,-0.542494,0.827623,0.496330,0.331293,0.870717,0.542494,74.548458,74.005964,true,,duration_mismatch,0.14.0,1.2.2,true,3263663,3263663,74.005963719,0.000000000,true,true,full_decode_verified_from_sf_read,true,0
Fredy V,In The Meantime,mix_6cfa655049d5,DU,C:\Users\oscar\OneDrive\Public share - Mix Eval Dataset\MixEvaluation\audio\InTheMeantime\DU-M.mp3,mix_13f0eed08780,soundfile,44100,2,74.005964,-0.552472,-0.552472,0.816145,0.474566,0.341578,0.862109,0.552472,74.558436,74.005964,true,,duration_mismatch,0.14.0,1.2.2,true,3263663,3263663,74.005963719,0.000000000,true,true,full_decode_verified_from_sf_read,true,0
Fredy V,In The Meantime,mix_29131e66c9d7,DU,C:\Users\oscar\OneDrive\Public share - Mix Eval Dataset\MixEvaluation\audio\InTheMeantime\DU-N.mp3,mix_13f0eed08780,soundfile,44100,2,74.005964,-0.557460,-0.557460,0.782801,0.529897,0.252904,0.837101,0.557460,74.563424,74.005964,true,,duration_mismatch,0.14.0,1.2.2,true,3263663,3263663,74.005963719,0.000000000,true,true,full_decode_verified_from_sf_read,true,0
Fredy V,In The Meantime,mix_8ffed8205048,McG,C:\Users\oscar\OneDrive\Public share - Mix Eval Dataset\MixEvaluation\audio\InTheMeantime\McG-A.mp3,mix_13f0eed08780,soundfile,48000,2,75.048000,-0.534422,-0.534422,0.859276,0.451159,0.408117,0.894457,0.534422,75.582422,75.048000,true,,,0.14.0,1.2.2,true,3602304,3606538,75.048000000,0.000000000,true,true,full_decode_verified_from_sf_read; soundfile_info_frame_estimate_differs_by_4234_frames,false,4234
Fredy V,In The Meantime,mix_5383540067d5,McG,C:\Users\oscar\OneDrive\Public share - Mix Eval Dataset\MixEvaluation\audio\InTheMeantime\McG-B.mp3,mix_13f0eed08780,soundfile,48000,2,75.048000,-0.519456,-0.519456,0.841071,0.436276,0.404795,0.880803,0.519456,75.567456,75.048000,true,,,0.14.0,1.2.2,true,3602304,3606538,75.048000000,0.000000000,true,true,full_decode_verified_from_sf_read; soundfile_info_frame_estimate_differs_by_4234_frames,false,4234
Fredy V,In The Meantime,mix_145577f61939,McG,C:\Users\oscar\OneDrive\Public share - Mix Eval Dataset\MixEvaluation\audio\InTheMeantime\McG-C.mp3,mix_13f0eed08780,soundfile,48000,2,75.048000,-0.554376,-0.554376,0.859090,0.498919,0.360171,0.894318,0.554376,75.602376,75.048000,true,,,0.14.0,1.2.2,true,3602304,3606538,75.048000000,0.000000000,true,true,full_decode_verified_from_sf_read; soundfile_info_frame_estimate_differs_by_4234_frames,false,4234
Fredy V,In The Meantime,mix_da9f94cae537,McG,C:\Users\oscar\OneDrive\Public share - Mix Eval Dataset\MixEvaluation\audio\InTheMeantime\McG-D.mp3,mix_13f0eed08780,soundfile,48000,2,75.048000,-0.554376,-0.554376,0.834206,0.460464,0.373742,0.875654,0.554376,75.602376,75.048000,true,,,0.14.0,1.2.2,true,3602304,3606538,75.048000000,0.000000000,true,true,full_decode_verified_from_sf_read; soundfile_info_frame_estimate_differs_by_4234_frames,false,4234
Fredy V,In The Meantime,mix_7a5719f17171,McG,C:\Users\oscar\OneDrive\Public share - Mix Eval Dataset\MixEvaluation\audio\InTheMeantime\McG-E.mp3,mix_13f0eed08780,soundfile,48000,2,75.048000,-0.504490,-0.504490,0.843985,0.493571,0.350414,0.882989,0.504490,75.552490,75.048000,true,,,0.14.0,1.2.2,true,3602304,3606538,75.048000000,0.000000000,true,true,full_decode_verified_from_sf_read; soundfile_info_frame_estimate_differs_by_4234_frames,false,4234
Fredy V,In The Meantime,mix_ce153583405d,McG,C:\Users\oscar\OneDrive\Public share - Mix Eval Dataset\MixEvaluation\audio\InTheMeantime\McG-F.mp3,mix_13f0eed08780,soundfile,48000,2,75.048000,-0.519456,-0.519456,0.786729,0.453370,0.333359,0.840046,0.519456,75.567456,75.048000,true,,,0.14.0,1.2.2,true,3602304,3606538,75.048000000,0.000000000,true,true,full_decode_verified_from_sf_read; soundfile_info_frame_estimate_differs_by_4234_frames,false,4234
Fredy V,In The Meantime,mix_c45aea9558f2,McG,C:\Users\oscar\OneDrive\Public share - Mix Eval Dataset\MixEvaluation\audio\InTheMeantime\McG-G.mp3,mix_13f0eed08780,soundfile,48000,2,75.048000,-0.529433,-0.529433,0.856023,0.462321,0.393702,0.892017,0.529433,75.577433,75.048000,true,,,0.14.0,1.2.2,true,3602304,3606538,75.048000000,0.000000000,true,true,full_decode_verified_from_sf_read; soundfile_info_frame_estimate_differs_by_4234_frames,false,4234
Fredy V,In The Meantime,mix_96c30e75e4a7,McG,C:\Users\oscar\OneDrive\Public share - Mix Eval Dataset\MixEvaluation\audio\InTheMeantime\McG-H.mp3,mix_13f0eed08780,soundfile,48000,2,75.048000,-0.529433,-0.529433,0.838139,0.486959,0.351181,0.878605,0.529433,75.577433,75.048000,true,,,0.14.0,1.2.2,true,3602304,3606538,75.048000000,0.000000000,true,true,full_decode_verified_from_sf_read; soundfile_info_frame_estimate_differs_by_4234_frames,false,4234
Fredy V,In The Meantime,mix_027ec3f8b8f1,McG,C:\Users\oscar\OneDrive\Public share - Mix Eval Dataset\MixEvaluation\audio\InTheMeantime\McG-pro.mp3,mix_13f0eed08780,soundfile,48000,2,75.048000,-0.519456,-0.519456,0.876764,0.482223,0.394541,0.907573,0.519456,75.567456,75.048000,true,,,0.14.0,1.2.2,true,3602304,3606544,75.048000000,0.000000000,true,true,full_decode_verified_from_sf_read; soundfile_info_frame_estimate_differs_by_4240_frames,false,4240
Fredy V,In The Meantime,mix_690c5c454a9f,McG,C:\Users\oscar\OneDrive\Public share - Mix Eval Dataset\MixEvaluation\audio\InTheMeantime\McG-pro2.mp3,mix_13f0eed08780,soundfile,48000,2,75.048000,-0.519456,-0.519456,0.876764,0.482223,0.394541,0.907573,0.519456,75.567456,75.048000,true,,,0.14.0,1.2.2,true,3602304,3606544,75.048000000,0.000000000,true,true,full_decode_verified_from_sf_read; soundfile_info_frame_estimate_differs_by_4240_frames,false,4240
Fredy V,In The Meantime,mix_2eae3034bad8,PXL,C:\Users\oscar\OneDrive\Public share - Mix Eval Dataset\MixEvaluation\audio\InTheMeantime\PXL-S1.mp3,mix_13f0eed08780,soundfile,44100,2,74.005964,-1.035465,-1.035465,0.679941,0.420846,0.259095,0.759956,1.035465,75.041429,74.005964,true,,duration_mismatch,0.14.0,1.2.2,true,3263663,3263663,74.005963719,0.000000000,true,true,full_decode_verified_from_sf_read,true,0
Fredy V,In The Meantime,mix_2d589c003982,PXL,C:\Users\oscar\OneDrive\Public share - Mix Eval Dataset\MixEvaluation\audio\InTheMeantime\PXL-S2.mp3,mix_13f0eed08780,soundfile,44100,2,74.005964,-1.035465,-1.035465,0.826531,0.470052,0.356479,0.869898,1.035465,75.041429,74.005964,true,,duration_mismatch,0.14.0,1.2.2,true,3263663,3263663,74.005963719,0.000000000,true,true,full_decode_verified_from_sf_read,true,0
Fredy V,In The Meantime,mix_8137541fd01f,PXL,C:\Users\oscar\OneDrive\Public share - Mix Eval Dataset\MixEvaluation\audio\InTheMeantime\PXL-S3.mp3,mix_13f0eed08780,soundfile,44100,2,74.005964,-1.050431,-1.050431,0.746901,0.460224,0.286677,0.810176,1.050431,75.056395,74.005964,true,,duration_mismatch,0.14.0,1.2.2,true,3263663,3263663,74.005963719,0.000000000,true,true,full_decode_verified_from_sf_read,true,0
Fredy V,In The Meantime,mix_67624d91340a,PXL,C:\Users\oscar\OneDrive\Public share - Mix Eval Dataset\MixEvaluation\audio\InTheMeantime\PXL-S4.mp3,mix_13f0eed08780,soundfile,44100,2,74.005964,-1.050431,-1.050431,0.750700,0.436522,0.314178,0.813025,1.050431,75.056395,74.005964,true,,duration_mismatch,0.14.0,1.2.2,true,3263663,3263663,74.005963719,0.000000000,true,true,full_decode_verified_from_sf_read,true,0
Fredy V,In The Meantime,mix_54ac02ce9456,PXL,C:\Users\oscar\OneDrive\Public share - Mix Eval Dataset\MixEvaluation\audio\InTheMeantime\PXL-S5.mp3,mix_13f0eed08780,soundfile,44100,2,74.005964,-1.050431,-1.050431,0.706434,0.456876,0.249559,0.779826,1.050431,75.056395,74.005964,true,,duration_mismatch,0.14.0,1.2.2,true,3263663,3263663,74.005963719,0.000000000,true,true,full_decode_verified_from_sf_read,true,0
Fredy V,In The Meantime,mix_f44b598b8cf8,PXL,C:\Users\oscar\OneDrive\Public share - Mix Eval Dataset\MixEvaluation\audio\InTheMeantime\PXL-S6.mp3,mix_13f0eed08780,soundfile,44100,2,74.005964,-0.557460,-0.557460,0.851492,0.500626,0.350865,0.888619,0.557460,74.563424,74.005964,true,,duration_mismatch,0.14.0,1.2.2,true,3263663,3263663,74.005963719,0.000000000,true,true,full_decode_verified_from_sf_read,true,0
Fredy V,In The Meantime,mix_526612c31256,PXL,C:\Users\oscar\OneDrive\Public share - Mix Eval Dataset\MixEvaluation\audio\InTheMeantime\PXL-S7.mp3,mix_13f0eed08780,soundfile,44100,2,74.005964,-1.025488,-1.025488,0.711950,0.435016,0.276934,0.783963,1.025488,75.031452,74.005964,true,,duration_mismatch,0.14.0,1.2.2,true,3263663,3263663,74.005963719,0.000000000,true,true,full_decode_verified_from_sf_read,true,0
Fredy V,In The Meantime,mix_13f0eed08780,QUT,C:\Users\oscar\OneDrive\Public share - Mix Eval Dataset\MixEvaluation\audio\InTheMeantime\QUT-A.mp3,mix_13f0eed08780,soundfile,44100,2,74.971429,0.000000,0.000000,1.000000,0.000000,1.000000,1.000000,-0.000000,74.971429,74.971429,true,,,0.14.0,1.2.2,true,3306240,3306240,74.971428571,0.000000000,true,true,full_decode_verified_from_sf_read,true,0
Fredy V,In The Meantime,mix_c7bdcba64775,QUT,C:\Users\oscar\OneDrive\Public share - Mix Eval Dataset\MixEvaluation\audio\InTheMeantime\QUT-B.mp3,mix_13f0eed08780,soundfile,44100,2,74.971429,-0.010431,-0.010431,0.866635,0.446812,0.419823,0.899976,0.010431,74.981860,74.971429,true,,,0.14.0,1.2.2,true,3306240,3306240,74.971428571,0.000000000,true,true,full_decode_verified_from_sf_read,true,0
Fredy V,In The Meantime,mix_82d5489162f9,QUT,C:\Users\oscar\OneDrive\Public share - Mix Eval Dataset\MixEvaluation\audio\InTheMeantime\QUT-C.mp3,mix_13f0eed08780,soundfile,44100,2,74.971429,0.014512,0.014512,0.802717,0.486477,0.316241,0.852038,-0.014512,74.956917,74.971429,true,,,0.14.0,1.2.2,true,3306240,3306240,74.971428571,0.000000000,true,true,full_decode_verified_from_sf_read,true,0
Fredy V,In The Meantime,mix_a31f439e1e87,QUT,C:\Users\oscar\OneDrive\Public share - Mix Eval Dataset\MixEvaluation\audio\InTheMeantime\QUT-G.mp3,mix_13f0eed08780,soundfile,44100,2,74.971429,0.014512,0.014512,0.861068,0.468636,0.392432,0.895801,-0.014512,74.956917,74.971429,true,,,0.14.0,1.2.2,true,3306240,3306240,74.971428571,0.000000000,true,true,full_decode_verified_from_sf_read,true,0
Fredy V,In The Meantime,mix_2f518e7b8633,QUT,C:\Users\oscar\OneDrive\Public share - Mix Eval Dataset\MixEvaluation\audio\InTheMeantime\QUT-I.mp3,mix_13f0eed08780,soundfile,44100,2,74.971429,-0.000454,-0.000454,0.882668,0.487159,0.395510,0.912001,0.000454,74.971883,74.971429,true,,,0.14.0,1.2.2,true,3306240,3306240,74.971428571,0.000000000,true,true,full_decode_verified_from_sf_read,true,0
Fredy V,In The Meantime,mix_8187ac605f62,QUT,C:\Users\oscar\OneDrive\Public share - Mix Eval Dataset\MixEvaluation\audio\InTheMeantime\QUT-J.mp3,mix_13f0eed08780,soundfile,44100,2,74.971429,-0.000454,-0.000454,0.802715,0.449119,0.353596,0.852036,0.000454,74.971883,74.971429,true,,,0.14.0,1.2.2,true,3306240,3306240,74.971428571,0.000000000,true,true,full_decode_verified_from_sf_read,true,0
Fredy V,In The Meantime,mix_cdaef40f2b94,QUT,C:\Users\oscar\OneDrive\Public share - Mix Eval Dataset\MixEvaluation\audio\InTheMeantime\QUT-pro.mp3,mix_13f0eed08780,soundfile,44100,2,74.971429,-0.003537,-0.003537,0.721100,0.399085,0.322015,0.790825,0.003537,74.974966,74.971429,true,,,0.14.0,1.2.2,true,3306240,3306240,74.971428571,0.000000000,true,true,full_decode_verified_from_sf_read,true,0
Fredy V,In The Meantime,mix_3042da8a2eb5,UCP,C:\Users\oscar\OneDrive\Public share - Mix Eval Dataset\MixEvaluation\audio\InTheMeantime\UCP-A1.mp3,mix_13f0eed08780,soundfile,44100,2,75.024739,-0.532517,-0.532517,0.808968,0.479765,0.329203,0.856726,0.532517,75.557256,75.024739,true,,,0.14.0,1.2.2,true,3308591,3308591,75.024739229,0.000000000,true,true,full_decode_verified_from_sf_read,true,0
Fredy V,In The Meantime,mix_20a1372ac49d,UCP,C:\Users\oscar\OneDrive\Public share - Mix Eval Dataset\MixEvaluation\audio\InTheMeantime\UCP-A2.mp3,mix_13f0eed08780,soundfile,44100,2,75.024739,-0.557460,-0.557460,0.854776,0.492591,0.362184,0.891082,0.557460,75.582199,75.024739,true,,,0.14.0,1.2.2,true,3308591,3308591,75.024739229,0.000000000,true,true,full_decode_verified_from_sf_read,true,0
Fredy V,In The Meantime,mix_d58db5dccea3,UCP,C:\Users\oscar\OneDrive\Public share - Mix Eval Dataset\MixEvaluation\audio\InTheMeantime\UCP-A3.mp3,mix_13f0eed08780,soundfile,44100,2,75.024739,-0.557460,-0.557460,0.827492,0.462684,0.364808,0.870619,0.557460,75.582199,75.024739,true,,,0.14.0,1.2.2,true,3308591,3308591,75.024739229,0.000000000,true,true,full_decode_verified_from_sf_read,true,0
Fredy V,In The Meantime,mix_efdedc0a36e7,UCP,C:\Users\oscar\OneDrive\Public share - Mix Eval Dataset\MixEvaluation\audio\InTheMeantime\UCP-A4.mp3,mix_13f0eed08780,soundfile,44100,2,75.024739,-0.557460,-0.557460,0.816398,0.433844,0.382554,0.862299,0.557460,75.582199,75.024739,true,,,0.14.0,1.2.2,true,3308591,3308591,75.024739229,0.000000000,true,true,full_decode_verified_from_sf_read,true,0
Fredy V,In The Meantime,mix_e858d5cf22ea,UCP,C:\Users\oscar\OneDrive\Public share - Mix Eval Dataset\MixEvaluation\audio\InTheMeantime\UCP-A5.mp3,mix_13f0eed08780,soundfile,44100,2,75.024739,-0.557460,-0.557460,0.822423,0.429565,0.392858,0.866817,0.557460,75.582199,75.024739,true,,,0.14.0,1.2.2,true,3308591,3308591,75.024739229,0.000000000,true,true,full_decode_verified_from_sf_read,true,0
The DoneFors,Lead Me,mix_95d77ba996e4,MG,C:\Users\oscar\OneDrive\Public share - Mix Eval Dataset\MixEvaluation\audio\LeadMe\Mixgenius.mp3,,not_decoded,48000,2,80.064000,0.000000,0.000000,1.000000,0.000000,1.000000,1.000000,-0.000000,80.064000,80.064000,false,automated_or_system_generated,,,,,,,,,,,not_retained,,
The DoneFors,Lead Me,mix_b5102e72a550,CNS,C:\Users\oscar\OneDrive\Public share - Mix Eval Dataset\MixEvaluation\audio\LeadMe\CNS-5.mp3,mix_271852ba8676,soundfile,44100,2,80.013061,-0.018231,-0.018231,0.853808,0.584137,0.269670,0.890356,0.018231,80.031292,80.013061,true,,,0.14.0,1.2.2,true,3528576,3528576,80.013061224,0.000000000,true,true,full_decode_verified_from_sf_read,true,0
The DoneFors,Lead Me,mix_8617440e42f5,CNS,C:\Users\oscar\OneDrive\Public share - Mix Eval Dataset\MixEvaluation\audio\LeadMe\CNS-A.mp3,mix_271852ba8676,soundfile,44100,2,80.013061,-0.073107,-0.073107,0.838293,0.561054,0.277239,0.878719,0.073107,80.086168,80.013061,true,,,0.14.0,1.2.2,true,3528576,3528576,80.013061224,0.000000000,true,true,full_decode_verified_from_sf_read,true,0
The DoneFors,Lead Me,mix_7734100f29f3,CNS,C:\Users\oscar\OneDrive\Public share - Mix Eval Dataset\MixEvaluation\audio\LeadMe\CNS-B.mp3,mix_271852ba8676,soundfile,44100,2,80.013061,0.046621,0.046621,0.757343,0.585854,0.171489,0.818007,-0.046621,79.966440,80.013061,true,,,0.14.0,1.2.2,true,3528576,3528576,80.013061224,0.000000000,true,true,full_decode_verified_from_sf_read,true,0
The DoneFors,Lead Me,mix_824f6c7e53d0,CNS,C:\Users\oscar\OneDrive\Public share - Mix Eval Dataset\MixEvaluation\audio\LeadMe\CNS-C.mp3,mix_271852ba8676,soundfile,44100,2,80.013061,-0.018231,-0.018231,0.848386,0.537134,0.311252,0.886290,0.018231,80.031292,80.013061,true,,,0.14.0,1.2.2,true,3528576,3528576,80.013061224,0.000000000,true,true,full_decode_verified_from_sf_read,true,0
The DoneFors,Lead Me,mix_e81c71fd1462,CNS,C:\Users\oscar\OneDrive\Public share - Mix Eval Dataset\MixEvaluation\audio\LeadMe\CNS-D.mp3,mix_271852ba8676,soundfile,44100,2,80.013061,-0.038186,-0.038186,0.808574,0.591768,0.216807,0.856431,0.038186,80.051247,80.013061,true,,,0.14.0,1.2.2,true,3528576,3528576,80.013061224,0.000000000,true,true,full_decode_verified_from_sf_read,true,0
The DoneFors,Lead Me,mix_8f1477339518,DU,C:\Users\oscar\OneDrive\Public share - Mix Eval Dataset\MixEvaluation\audio\LeadMe\DU-A.mp3,mix_271852ba8676,soundfile,44100,2,80.014127,-0.020408,-0.020408,0.874970,0.514201,0.360769,0.906228,0.020408,80.034535,80.014127,true,,,0.14.0,1.2.2,true,3528623,3528623,80.014126984,0.000000000,true,true,full_decode_verified_from_sf_read,true,0
The DoneFors,Lead Me,mix_7cdfb2503e88,DU,C:\Users\oscar\OneDrive\Public share - Mix Eval Dataset\MixEvaluation\audio\LeadMe\DU-B.mp3,mix_271852ba8676,soundfile,44100,2,80.014127,-0.000454,-0.000454,0.879706,0.560089,0.319617,0.909779,0.000454,80.014581,80.014127,true,,,0.14.0,1.2.2,true,3528623,3528623,80.014126984,0.000000000,true,true,full_decode_verified_from_sf_read,true,0
The DoneFors,Lead Me,mix_a321c1267965,DU,C:\Users\oscar\OneDrive\Public share - Mix Eval Dataset\MixEvaluation\audio\LeadMe\DU-C.mp3,mix_271852ba8676,soundfile,44100,2,80.014127,-0.000454,-0.000454,0.903875,0.567442,0.336432,0.927906,0.000454,80.014581,80.014127,true,,,0.14.0,1.2.2,true,3528623,3528623,80.014126984,0.000000000,true,true,full_decode_verified_from_sf_read,true,0
The DoneFors,Lead Me,mix_f1f7973e5bac,DU,C:\Users\oscar\OneDrive\Public share - Mix Eval Dataset\MixEvaluation\audio\LeadMe\DU-D.mp3,mix_271852ba8676,soundfile,44100,2,80.014127,-0.020408,-0.020408,0.622654,0.405117,0.217537,0.716991,0.020408,80.034535,80.014127,true,,,0.14.0,1.2.2,true,3528623,3528623,80.014126984,0.000000000,true,true,full_decode_verified_from_sf_read,true,0
The DoneFors,Lead Me,mix_271852ba8676,DU,C:\Users\oscar\OneDrive\Public share - Mix Eval Dataset\MixEvaluation\audio\LeadMe\DU-E.mp3,mix_271852ba8676,soundfile,44100,2,80.014127,0.000000,0.000000,1.000000,0.000000,1.000000,1.000000,-0.000000,80.014127,80.014127,true,,,0.14.0,1.2.2,true,3528623,3528623,80.014126984,0.000000000,true,true,full_decode_verified_from_sf_read,true,0
The DoneFors,Lead Me,mix_3a41a8db47bc,DU,C:\Users\oscar\OneDrive\Public share - Mix Eval Dataset\MixEvaluation\audio\LeadMe\DU-F.mp3,mix_271852ba8676,soundfile,44100,2,80.014127,-0.000454,-0.000454,0.876979,0.553477,0.323503,0.907735,0.000454,80.014581,80.014127,true,,,0.14.0,1.2.2,true,3528623,3528623,80.014126984,0.000000000,true,true,full_decode_verified_from_sf_read,true,0
The DoneFors,Lead Me,mix_f5d86db961c3,DU,C:\Users\oscar\OneDrive\Public share - Mix Eval Dataset\MixEvaluation\audio\LeadMe\DU-G.mp3,mix_271852ba8676,soundfile,44100,2,80.014127,-0.010431,-0.010431,0.854543,0.514535,0.340008,0.890907,0.010431,80.024558,80.014127,true,,,0.14.0,1.2.2,true,3528623,3528623,80.014126984,0.000000000,true,true,full_decode_verified_from_sf_read,true,0
The DoneFors,Lead Me,mix_9346b5d4ade2,McG,C:\Users\oscar\OneDrive\Public share - Mix Eval Dataset\MixEvaluation\audio\LeadMe\McG-A.mp3,mix_271852ba8676,soundfile,48000,2,80.064000,0.063583,0.063583,0.791121,0.562741,0.228380,0.843341,-0.063583,80.000417,80.064000,true,,,0.14.0,1.2.2,true,3843072,3847306,80.064000000,0.000000000,true,true,full_decode_verified_from_sf_read; soundfile_info_frame_estimate_differs_by_4234_frames,false,4234
The DoneFors,Lead Me,mix_5aa762fa5def,McG,C:\Users\oscar\OneDrive\Public share - Mix Eval Dataset\MixEvaluation\audio\LeadMe\McG-B.mp3,mix_271852ba8676,soundfile,48000,2,80.064000,0.063583,0.063583,0.751770,0.471199,0.280570,0.813827,-0.063583,80.000417,80.064000,true,,,0.14.0,1.2.2,true,3843072,3847306,80.064000000,0.000000000,true,true,full_decode_verified_from_sf_read; soundfile_info_frame_estimate_differs_by_4234_frames,false,4234
The DoneFors,Lead Me,mix_7b5a2d66116b,McG,C:\Users\oscar\OneDrive\Public share - Mix Eval Dataset\MixEvaluation\audio\LeadMe\McG-C.mp3,mix_271852ba8676,soundfile,48000,2,80.064000,0.078549,0.078549,0.780599,0.584698,0.195901,0.835449,-0.078549,79.985451,80.064000,true,,,0.14.0,1.2.2,true,3843072,3847306,80.064000000,0.000000000,true,true,full_decode_verified_from_sf_read; soundfile_info_frame_estimate_differs_by_4234_frames,false,4234
The DoneFors,Lead Me,mix_4181778a6cfd,McG,C:\Users\oscar\OneDrive\Public share - Mix Eval Dataset\MixEvaluation\audio\LeadMe\McG-D.mp3,mix_271852ba8676,soundfile,48000,2,80.064000,0.138413,0.138413,0.836259,0.560108,0.276151,0.877194,-0.138413,79.925587,80.064000,true,,,0.14.0,1.2.2,true,3843072,3847306,80.064000000,0.000000000,true,true,full_decode_verified_from_sf_read; soundfile_info_frame_estimate_differs_by_4234_frames,false,4234
The DoneFors,Lead Me,mix_28932c4bb152,McG,C:\Users\oscar\OneDrive\Public share - Mix Eval Dataset\MixEvaluation\audio\LeadMe\McG-E.mp3,mix_271852ba8676,soundfile,48000,2,80.064000,0.078549,0.078549,0.786049,0.591970,0.194079,0.839537,-0.078549,79.985451,80.064000,true,,,0.14.0,1.2.2,true,3843072,3847306,80.064000000,0.000000000,true,true,full_decode_verified_from_sf_read; soundfile_info_frame_estimate_differs_by_4234_frames,false,4234
The DoneFors,Lead Me,mix_e245880b329a,McG,C:\Users\oscar\OneDrive\Public share - Mix Eval Dataset\MixEvaluation\audio\LeadMe\McG-F.mp3,mix_271852ba8676,soundfile,48000,2,80.064000,0.138413,0.138413,0.802603,0.543686,0.258916,0.851952,-0.138413,79.925587,80.064000,true,,,0.14.0,1.2.2,true,3843072,3847306,80.064000000,0.000000000,true,true,full_decode_verified_from_sf_read; soundfile_info_frame_estimate_differs_by_4234_frames,false,4234
The DoneFors,Lead Me,mix_e0abc393175b,McG,C:\Users\oscar\OneDrive\Public share - Mix Eval Dataset\MixEvaluation\audio\LeadMe\McG-G.mp3,mix_271852ba8676,soundfile,48000,2,80.064000,0.138413,0.138413,0.805324,0.564346,0.240977,0.853993,-0.138413,79.925587,80.064000,true,,,0.14.0,1.2.2,true,3843072,3847306,80.064000000,0.000000000,true,true,full_decode_verified_from_sf_read; soundfile_info_frame_estimate_differs_by_4234_frames,false,4234
The DoneFors,Lead Me,mix_427e3b105a59,McG,C:\Users\oscar\OneDrive\Public share - Mix Eval Dataset\MixEvaluation\audio\LeadMe\McG-H.mp3,mix_271852ba8676,soundfile,48000,2,80.064000,0.138413,0.138413,0.850424,0.581295,0.269129,0.887818,-0.138413,79.925587,80.064000,true,,,0.14.0,1.2.2,true,3843072,3847306,80.064000000,0.000000000,true,true,full_decode_verified_from_sf_read; soundfile_info_frame_estimate_differs_by_4234_frames,false,4234
The DoneFors,Lead Me,mix_fa064711a381,McG,C:\Users\oscar\OneDrive\Public share - Mix Eval Dataset\MixEvaluation\audio\LeadMe\McG-pro.mp3,mix_271852ba8676,soundfile,48000,2,80.064000,0.078549,0.078549,0.787373,0.602085,0.185288,0.840529,-0.078549,79.985451,80.064000,true,,,0.14.0,1.2.2,true,3843072,3847312,80.064000000,0.000000000,true,true,full_decode_verified_from_sf_read; soundfile_info_frame_estimate_differs_by_4240_frames,false,4240
The DoneFors,Lead Me,mix_d3e3580b6e30,McG,C:\Users\oscar\OneDrive\Public share - Mix Eval Dataset\MixEvaluation\audio\LeadMe\McG-pro2.mp3,mix_271852ba8676,soundfile,48000,2,80.064000,0.078549,0.078549,0.787373,0.602085,0.185288,0.840529,-0.078549,79.985451,80.064000,true,,,0.14.0,1.2.2,true,3843072,3847312,80.064000000,0.000000000,true,true,full_decode_verified_from_sf_read; soundfile_info_frame_estimate_differs_by_4240_frames,false,4240
The DoneFors,Lead Me,mix_d5b28dfc8a93,PXL,C:\Users\oscar\OneDrive\Public share - Mix Eval Dataset\MixEvaluation\audio\LeadMe\PXL-L1.mp3,mix_271852ba8676,soundfile,44100,2,80.014127,-0.045351,-0.045351,0.886107,0.496724,0.389383,0.914580,0.045351,80.059478,80.014127,true,,,0.14.0,1.2.2,true,3528623,3528623,80.014126984,0.000000000,true,true,full_decode_verified_from_sf_read,true,0
The DoneFors,Lead Me,mix_92e2bdebe300,PXL,C:\Users\oscar\OneDrive\Public share - Mix Eval Dataset\MixEvaluation\audio\LeadMe\PXL-L2.mp3,mix_271852ba8676,soundfile,44100,2,80.014127,-0.045351,-0.045351,0.882566,0.568804,0.313762,0.911924,0.045351,80.059478,80.014127,true,,,0.14.0,1.2.2,true,3528623,3528623,80.014126984,0.000000000,true,true,full_decode_verified_from_sf_read,true,0
The DoneFors,Lead Me,mix_3bc79ea82599,PXL,C:\Users\oscar\OneDrive\Public share - Mix Eval Dataset\MixEvaluation\audio\LeadMe\PXL-L3.mp3,mix_271852ba8676,soundfile,44100,2,80.014127,-0.045351,-0.045351,0.897227,0.555742,0.341485,0.922920,0.045351,80.059478,80.014127,true,,,0.14.0,1.2.2,true,3528623,3528623,80.014126984,0.000000000,true,true,full_decode_verified_from_sf_read,true,0
The DoneFors,Lead Me,mix_c7d9a071ba25,PXL,C:\Users\oscar\OneDrive\Public share - Mix Eval Dataset\MixEvaluation\audio\LeadMe\PXL-L4.mp3,mix_271852ba8676,soundfile,44100,2,80.014127,-0.035374,-0.035374,0.864033,0.504583,0.359450,0.898025,0.035374,80.049501,80.014127,true,,,0.14.0,1.2.2,true,3528623,3528623,80.014126984,0.000000000,true,true,full_decode_verified_from_sf_read,true,0
The DoneFors,Lead Me,mix_864280f1b98b,QUT,C:\Users\oscar\OneDrive\Public share - Mix Eval Dataset\MixEvaluation\audio\LeadMe\QUT-A.mp3,mix_271852ba8676,soundfile,44100,2,80.587755,-0.070023,-0.070023,0.753055,0.508284,0.244770,0.814791,0.070023,80.657778,80.587755,true,,,0.14.0,1.2.2,true,3553920,3553920,80.587755102,0.000000000,true,true,full_decode_verified_from_sf_read,true,0
The DoneFors,Lead Me,mix_5e09465de0ed,QUT,C:\Users\oscar\OneDrive\Public share - Mix Eval Dataset\MixEvaluation\audio\LeadMe\QUT-D.mp3,mix_271852ba8676,soundfile,44100,2,80.561633,0.021678,0.021678,0.808904,0.575469,0.233436,0.856678,-0.021678,80.539955,80.561633,true,,,0.14.0,1.2.2,true,3552768,3552768,80.561632653,0.000000000,true,true,full_decode_verified_from_sf_read,true,0
The DoneFors,Lead Me,mix_345e90b3c215,QUT,C:\Users\oscar\OneDrive\Public share - Mix Eval Dataset\MixEvaluation\audio\LeadMe\QUT-E.mp3,mix_271852ba8676,soundfile,44100,2,80.561633,0.041633,0.041633,0.829907,0.579869,0.250037,0.872430,-0.041633,80.520000,80.561633,true,,,0.14.0,1.2.2,true,3552768,3552768,80.561632653,0.000000000,true,true,full_decode_verified_from_sf_read,true,0
The DoneFors,Lead Me,mix_4e2cf7c970a8,QUT,C:\Users\oscar\OneDrive\Public share - Mix Eval Dataset\MixEvaluation\audio\LeadMe\QUT-F.mp3,mix_271852ba8676,soundfile,44100,2,80.535510,0.036644,0.036644,0.763829,0.605432,0.158397,0.822872,-0.036644,80.498866,80.535510,true,,,0.14.0,1.2.2,true,3551616,3551616,80.535510204,0.000000000,true,true,full_decode_verified_from_sf_read,true,0
The DoneFors,Lead Me,mix_542ca972e5f6,QUT,C:\Users\oscar\OneDrive\Public share - Mix Eval Dataset\MixEvaluation\audio\LeadMe\QUT-H.mp3,mix_271852ba8676,soundfile,44100,2,80.561633,0.021678,0.021678,0.840544,0.548254,0.292289,0.880408,-0.021678,80.539955,80.561633,true,,,0.14.0,1.2.2,true,3552768,3552768,80.561632653,0.000000000,true,true,full_decode_verified_from_sf_read,true,0
The DoneFors,Lead Me,mix_d2cf329ea054,QUT,C:\Users\oscar\OneDrive\Public share - Mix Eval Dataset\MixEvaluation\audio\LeadMe\QUT-pro.mp3,mix_271852ba8676,soundfile,44100,2,80.535510,0.101497,0.101497,0.793581,0.564653,0.228928,0.845186,-0.101497,80.434013,80.535510,true,,,0.14.0,1.2.2,true,3551616,3551616,80.535510204,0.000000000,true,true,full_decode_verified_from_sf_read,true,0
The DoneFors,Lead Me,mix_d2a4240adfd8,UCP,C:\Users\oscar\OneDrive\Public share - Mix Eval Dataset\MixEvaluation\audio\LeadMe\UCP-A1.mp3,mix_271852ba8676,soundfile,44100,2,81.006780,0.055510,0.055510,0.764951,0.538277,0.226674,0.823713,-0.055510,80.951270,81.006780,true,,duration_mismatch,0.14.0,1.2.2,true,3572399,3572399,81.006780045,0.000000000,true,true,full_decode_verified_from_sf_read,true,0
The DoneFors,Lead Me,mix_a5df7e0b4222,UCP,C:\Users\oscar\OneDrive\Public share - Mix Eval Dataset\MixEvaluation\audio\LeadMe\UCP-A2.mp3,mix_271852ba8676,soundfile,44100,2,81.006780,0.058594,0.058594,0.760892,0.616085,0.144807,0.812015,-0.058594,80.948186,81.006780,true,,duration_mismatch,0.14.0,1.2.2,true,3572399,3572399,81.006780045,0.000000000,true,true,full_decode_verified_from_sf_read,true,0
The DoneFors,Lead Me,mix_06852a8a8947,UCP,C:\Users\oscar\OneDrive\Public share - Mix Eval Dataset\MixEvaluation\audio\LeadMe\UCP-A3.mp3,mix_271852ba8676,soundfile,44100,2,81.006780,0.055510,0.055510,0.783908,0.604110,0.179798,0.837931,-0.055510,80.951270,81.006780,true,,duration_mismatch,0.14.0,1.2.2,true,3572399,3572399,81.006780045,0.000000000,true,true,full_decode_verified_from_sf_read,true,0
The DoneFors,Lead Me,mix_5d42d0f1628e,UCP,C:\Users\oscar\OneDrive\Public share - Mix Eval Dataset\MixEvaluation\audio\LeadMe\UCP-A4.mp3,mix_271852ba8676,soundfile,44100,2,81.006780,0.055510,0.055510,0.746069,0.515006,0.231063,0.809552,-0.055510,80.951270,81.006780,true,,duration_mismatch,0.14.0,1.2.2,true,3572399,3572399,81.006780045,0.000000000,true,true,full_decode_verified_from_sf_read,true,0
The DoneFors,Lead Me,mix_0255886c8875,UCP,C:\Users\oscar\OneDrive\Public share - Mix Eval Dataset\MixEvaluation\audio\LeadMe\UCP-A5.mp3,mix_271852ba8676,soundfile,44100,2,81.006780,0.055510,0.055510,0.774932,0.595060,0.179872,0.831199,-0.055510,80.951270,81.006780,true,,duration_mismatch,0.14.0,1.2.2,true,3572399,3572399,81.006780045,0.000000000,true,true,full_decode_verified_from_sf_read,true,0
